{
  "variants": {
    "face=ceiling,facing=east": {
      "model": "nuclear_craft:block/c4_smoke",
      "y": 270,
      "x": 180
    },
    "face=ceiling,facing=north": {
      "model": "nuclear_craft:block/c4_smoke",
      "y": 180,
      "x": 180
    },
    "face=ceiling,facing=south": {
      "model": "nuclear_craft:block/c4_smoke",
      "x": 180
    },
    "face=ceiling,facing=west": {
      "model": "nuclear_craft:block/c4_smoke",
      "y": 90,
      "x": 180
    },
    "face=floor,facing=east": {
      "model": "nuclear_craft:block/c4_smoke",
      "y": 90
    },
    "face=floor,facing=north": {
      "model": "nuclear_craft:block/c4_smoke"
    },
    "face=floor,facing=south": {
      "model": "nuclear_craft:block/c4_smoke",
      "y": 180
    },
    "face=floor,facing=west": {
      "model": "nuclear_craft:block/c4_smoke",
      "y": 270
    },
    "face=wall,facing=east": {
      "model": "nuclear_craft:block/c4_smoke",
      "y": 90,
      "x": 90,
      "uvlock": true
    },
    "face=wall,facing=north": {
      "model": "nuclear_craft:block/c4_smoke",
      "x": 90,
      "uvlock": true
    },
    "face=wall,facing=south": {
      "model": "nuclear_craft:block/c4_smoke",
      "y": 180,
      "x": 90,
      "uvlock": true
    },
    "face=wall,facing=west": {
      "model": "nuclear_craft:block/c4_smoke",
      "y": 270,
      "x": 90,
      "uvlock": true
    }
  }
}