{
	"credit": "Made with Blockbench",
	"texture_size": [128, 128],
	"textures": {
		"0": "nuclear_craft:item/iron_texture",
		"1": "nuclear_craft:item/iron_texture2",
		"2": "nuclear_craft:item/iron_texture3",
		"particle": "nuclear_craft:item/iron_texture"
	},
	"elements": [
		{
			"from": [0, 4.5, 8.0625],
			"to": [12.125, 4.5625, 8.4375],
			"rotation": {"angle": 0, "axis": "y", "origin": [8, 12.5, 16.0625]},
			"faces": {
				"north": {"uv": [0, 0, 16, 16], "texture": "#0"},
				"east": {"uv": [0, 0, 16, 16], "texture": "#0"},
				"south": {"uv": [0, 0, 16, 16], "texture": "#0"},
				"west": {"uv": [0, 0, 16, 16], "texture": "#0"},
				"up": {"uv": [0, 0, 16, 16], "texture": "#0"},
				"down": {"uv": [0, 0, 16, 16], "texture": "#0"}
			}
		},
		{
			"from": [0, 4.5625, 8.125],
			"to": [12.125, 4.625, 8.375],
			"rotation": {"angle": 0, "axis": "y", "origin": [8, 12.5625, 16.125]},
			"faces": {
				"north": {"uv": [0, 0, 16, 16], "texture": "#0"},
				"east": {"uv": [0, 0, 16, 16], "texture": "#0"},
				"south": {"uv": [0, 0, 16, 16], "texture": "#0"},
				"west": {"uv": [0, 0, 16, 16], "texture": "#0"},
				"up": {"uv": [0, 0, 16, 16], "texture": "#0"},
				"down": {"uv": [0, 0, 16, 16], "texture": "#0"}
			}
		},
		{
			"from": [0, 4.125, 7.875],
			"to": [12.125, 4.375, 7.9375],
			"rotation": {"angle": 0, "axis": "x", "origin": [6, 4.25, 7.9375]},
			"faces": {
				"north": {"uv": [0, 0, 16, 16], "rotation": 90, "texture": "#0"},
				"east": {"uv": [0, 0, 16, 16], "rotation": 90, "texture": "#0"},
				"south": {"uv": [0, 0, 16, 16], "rotation": 90, "texture": "#0"},
				"west": {"uv": [0, 0, 16, 16], "rotation": 90, "texture": "#0"},
				"up": {"uv": [0, 0, 16, 16], "rotation": 90, "texture": "#0"},
				"down": {"uv": [0, 0, 16, 16], "rotation": 90, "texture": "#0"}
			}
		},
		{
			"from": [0, 4.0625, 7.9375],
			"to": [12.125, 4.4375, 8],
			"rotation": {"angle": 0, "axis": "x", "origin": [6, 4.25, 7.9375]},
			"faces": {
				"north": {"uv": [0, 0, 16, 16], "rotation": 90, "texture": "#0"},
				"east": {"uv": [0, 0, 16, 16], "rotation": 90, "texture": "#0"},
				"south": {"uv": [0, 0, 16, 16], "rotation": 90, "texture": "#0"},
				"west": {"uv": [0, 0, 16, 16], "rotation": 90, "texture": "#0"},
				"up": {"uv": [0, 0, 16, 16], "rotation": 90, "texture": "#0"},
				"down": {"uv": [0, 0, 16, 16], "rotation": 90, "texture": "#0"}
			}
		},
		{
			"from": [0, 4.125, 8.5625],
			"to": [12.125, 4.375, 8.625],
			"rotation": {"angle": 0, "axis": "x", "origin": [2, 4.25, 8.5625]},
			"faces": {
				"north": {"uv": [0, 0, 16, 16], "rotation": 270, "texture": "#0"},
				"east": {"uv": [0, 0, 16, 16], "rotation": 270, "texture": "#0"},
				"south": {"uv": [0, 0, 16, 16], "rotation": 270, "texture": "#0"},
				"west": {"uv": [0, 0, 16, 16], "rotation": 270, "texture": "#0"},
				"up": {"uv": [0, 0, 16, 16], "rotation": 270, "texture": "#0"},
				"down": {"uv": [0, 0, 16, 16], "rotation": 270, "texture": "#0"}
			}
		},
		{
			"from": [0, 4.0625, 8.5],
			"to": [12.125, 4.4375, 8.5625],
			"rotation": {"angle": 0, "axis": "x", "origin": [2, 4.25, 8.5625]},
			"faces": {
				"north": {"uv": [0, 0, 16, 16], "rotation": 270, "texture": "#0"},
				"east": {"uv": [0, 0, 16, 16], "rotation": 270, "texture": "#0"},
				"south": {"uv": [0, 0, 16, 16], "rotation": 270, "texture": "#0"},
				"west": {"uv": [0, 0, 16, 16], "rotation": 270, "texture": "#0"},
				"up": {"uv": [0, 0, 16, 16], "rotation": 270, "texture": "#0"},
				"down": {"uv": [0, 0, 16, 16], "rotation": 270, "texture": "#0"}
			}
		},
		{
			"from": [0, 3.875, 8.125],
			"to": [12.125, 3.9375, 8.375],
			"rotation": {"angle": 0, "axis": "y", "origin": [8, -4.0625, 16.125]},
			"faces": {
				"north": {"uv": [0, 0, 16, 16], "texture": "#0"},
				"east": {"uv": [0, 0, 16, 16], "texture": "#0"},
				"south": {"uv": [0, 0, 16, 16], "texture": "#0"},
				"west": {"uv": [0, 0, 16, 16], "texture": "#0"},
				"up": {"uv": [0, 0, 16, 16], "texture": "#0"},
				"down": {"uv": [0, 0, 16, 16], "texture": "#0"}
			}
		},
		{
			"from": [0, 3.9375, 8.0625],
			"to": [12.125, 4, 8.4375],
			"rotation": {"angle": 0, "axis": "y", "origin": [8, -4, 16.0625]},
			"faces": {
				"north": {"uv": [0, 0, 16, 16], "texture": "#0"},
				"east": {"uv": [0, 0, 16, 16], "texture": "#0"},
				"south": {"uv": [0, 0, 16, 16], "texture": "#0"},
				"west": {"uv": [0, 0, 16, 16], "texture": "#0"},
				"up": {"uv": [0, 0, 16, 16], "texture": "#0"},
				"down": {"uv": [0, 0, 16, 16], "texture": "#0"}
			}
		},
		{
			"from": [0, 4, 8],
			"to": [12.125, 4.5, 8.5],
			"rotation": {"angle": 0, "axis": "y", "origin": [8, 12, 16]},
			"faces": {
				"north": {"uv": [0, 0, 16, 16], "texture": "#0"},
				"east": {"uv": [0, 0, 16, 16], "texture": "#0"},
				"south": {"uv": [0, 0, 16, 16], "texture": "#0"},
				"west": {"uv": [0, 0, 16, 16], "texture": "#0"},
				"up": {"uv": [0, 0, 16, 16], "texture": "#0"},
				"down": {"uv": [0, 0, 16, 16], "texture": "#0"}
			}
		},
		{
			"from": [8.6875, 2.8125, 8.0625],
			"to": [9.25, 3.875, 8.4375],
			"rotation": {"angle": 0, "axis": "y", "origin": [16.6875, 9.9375, 16.0625]},
			"faces": {
				"north": {"uv": [0, 0, 16, 16], "texture": "#2"},
				"east": {"uv": [0, 0, 16, 16], "texture": "#2"},
				"south": {"uv": [0, 0, 16, 16], "texture": "#2"},
				"west": {"uv": [0, 0, 16, 16], "texture": "#2"},
				"up": {"uv": [0, 0, 16, 16], "texture": "#2"},
				"down": {"uv": [0, 0, 16, 16], "texture": "#2"}
			}
		},
		{
			"from": [5.5, 2.875, 8.0625],
			"to": [6.5, 3.9375, 8.4375],
			"rotation": {"angle": 0, "axis": "y", "origin": [13.5, 10, 16.0625]},
			"faces": {
				"north": {"uv": [0, 0, 16, 16], "texture": "#2"},
				"east": {"uv": [0, 0, 16, 16], "texture": "#2"},
				"south": {"uv": [0, 0, 16, 16], "texture": "#2"},
				"west": {"uv": [0, 0, 16, 16], "texture": "#2"},
				"up": {"uv": [0, 0, 16, 16], "texture": "#2"},
				"down": {"uv": [0, 0, 16, 16], "texture": "#2"}
			}
		},
		{
			"from": [4.9375, 3.3125, 8.0625],
			"to": [5.0625, 3.9375, 8.4375],
			"rotation": {"angle": -22.5, "axis": "z", "origin": [5, 3.625, 8.25]},
			"faces": {
				"north": {"uv": [0, 0, 16, 16], "texture": "#2"},
				"east": {"uv": [0, 0, 16, 16], "texture": "#2"},
				"south": {"uv": [0, 0, 16, 16], "texture": "#2"},
				"west": {"uv": [0, 0, 16, 16], "texture": "#2"},
				"up": {"uv": [0, 0, 16, 16], "texture": "#2"},
				"down": {"uv": [0, 0, 16, 16], "texture": "#2"}
			}
		},
		{
			"from": [5.25, 3.5, 8.0625],
			"to": [5.375, 3.9375, 8.4375],
			"rotation": {"angle": -22.5, "axis": "z", "origin": [5.3125, 3.625, 8.25]},
			"faces": {
				"north": {"uv": [0, 0, 16, 16], "texture": "#1"},
				"east": {"uv": [0, 0, 16, 16], "texture": "#1"},
				"south": {"uv": [0, 0, 16, 16], "texture": "#1"},
				"west": {"uv": [0, 0, 16, 16], "texture": "#1"},
				"up": {"uv": [0, 0, 16, 16], "texture": "#1"},
				"down": {"uv": [0, 0, 16, 16], "texture": "#1"}
			}
		},
		{
			"from": [4.9375, 3.1875, 8.0625],
			"to": [5.5625, 3.3125, 8.4375],
			"rotation": {"angle": 0, "axis": "z", "origin": [5.25, 3.25, 8.25]},
			"faces": {
				"north": {"uv": [0, 0, 16, 16], "rotation": 270, "texture": "#2"},
				"east": {"uv": [0, 0, 16, 16], "rotation": 270, "texture": "#2"},
				"south": {"uv": [0, 0, 16, 16], "rotation": 270, "texture": "#2"},
				"west": {"uv": [0, 0, 16, 16], "rotation": 270, "texture": "#2"},
				"up": {"uv": [0, 0, 16, 16], "rotation": 270, "texture": "#2"},
				"down": {"uv": [0, 0, 16, 16], "rotation": 270, "texture": "#2"}
			}
		},
		{
			"from": [5.6875, 2.25, 8.0625],
			"to": [6.25, 3.3125, 8.4375],
			"rotation": {"angle": 0, "axis": "y", "origin": [13.6875, 9.375, 16.0625]},
			"faces": {
				"north": {"uv": [0, 0, 16, 16], "texture": "#2"},
				"east": {"uv": [0, 0, 16, 16], "texture": "#2"},
				"south": {"uv": [0, 0, 16, 16], "texture": "#2"},
				"west": {"uv": [0, 0, 16, 16], "texture": "#2"},
				"up": {"uv": [0, 0, 16, 16], "texture": "#2"},
				"down": {"uv": [0, 0, 16, 16], "texture": "#2"}
			}
		},
		{
			"from": [14.75, 3.5625, 7.9375],
			"to": [16.75, 3.625, 8.5],
			"rotation": {"angle": -22.5, "axis": "z", "origin": [15.75, 3.59375, 8.21875]},
			"faces": {
				"north": {"uv": [0, 0, 16, 16], "texture": "#1"},
				"east": {"uv": [0, 0, 16, 16], "texture": "#1"},
				"south": {"uv": [0, 0, 16, 16], "texture": "#1"},
				"west": {"uv": [0, 0, 16, 16], "texture": "#1"},
				"up": {"uv": [0, 0, 16, 16], "texture": "#1"},
				"down": {"uv": [0, 0, 16, 16], "texture": "#1"}
			}
		},
		{
			"from": [14.75, 4.875, 7.9375],
			"to": [16.75, 4.9375, 8.5],
			"rotation": {"angle": 22.5, "axis": "z", "origin": [15.75, 4.90625, 8.21875]},
			"faces": {
				"north": {"uv": [0, 0, 16, 16], "texture": "#1"},
				"east": {"uv": [0, 0, 16, 16], "texture": "#1"},
				"south": {"uv": [0, 0, 16, 16], "texture": "#1"},
				"west": {"uv": [0, 0, 16, 16], "texture": "#1"},
				"up": {"uv": [0, 0, 16, 16], "texture": "#1"},
				"down": {"uv": [0, 0, 16, 16], "texture": "#1"}
			}
		},
		{
			"from": [14.75, 3.9375, 8.8125],
			"to": [16.75, 4.5, 8.875],
			"rotation": {"angle": -22.5, "axis": "y", "origin": [15.75, 4.21875, 8.84375]},
			"faces": {
				"north": {"uv": [0, 0, 16, 16], "rotation": 90, "texture": "#1"},
				"east": {"uv": [0, 0, 16, 16], "rotation": 90, "texture": "#1"},
				"south": {"uv": [0, 0, 16, 16], "rotation": 90, "texture": "#1"},
				"west": {"uv": [0, 0, 16, 16], "rotation": 90, "texture": "#1"},
				"up": {"uv": [0, 0, 16, 16], "rotation": 90, "texture": "#1"},
				"down": {"uv": [0, 0, 16, 16], "rotation": 90, "texture": "#1"}
			}
		},
		{
			"from": [14.75, 3.9375, 7.5625],
			"to": [16.75, 4.5, 7.625],
			"rotation": {"angle": 22.5, "axis": "y", "origin": [15.75, 4.21875, 7.59375]},
			"faces": {
				"north": {"uv": [0, 0, 16, 16], "rotation": 90, "texture": "#1"},
				"east": {"uv": [0, 0, 16, 16], "rotation": 90, "texture": "#1"},
				"south": {"uv": [0, 0, 16, 16], "rotation": 90, "texture": "#1"},
				"west": {"uv": [0, 0, 16, 16], "rotation": 90, "texture": "#1"},
				"up": {"uv": [0, 0, 16, 16], "rotation": 90, "texture": "#1"},
				"down": {"uv": [0, 0, 16, 16], "rotation": 90, "texture": "#1"}
			}
		},
		{
			"from": [12.125, 4.3125, 7.9375],
			"to": [14.9375, 4.75, 8.5625],
			"rotation": {"angle": 0, "axis": "y", "origin": [8, 12.5, 16.0625]},
			"faces": {
				"north": {"uv": [0, 0, 16, 16], "texture": "#0"},
				"east": {"uv": [0, 0, 16, 16], "texture": "#1"},
				"south": {"uv": [0, 0, 16, 16], "texture": "#0"},
				"west": {"uv": [0, 0, 16, 16], "texture": "#1"},
				"up": {"uv": [0, 0, 16, 16], "texture": "#0"},
				"down": {"uv": [0, 0, 16, 16], "texture": "#0"}
			}
		},
		{
			"from": [12.125, 4.375, 8],
			"to": [14.9375, 4.8125, 8.5],
			"rotation": {"angle": 0, "axis": "y", "origin": [8, 12.5625, 16.125]},
			"faces": {
				"north": {"uv": [0, 0, 16, 16], "texture": "#0"},
				"east": {"uv": [0, 0, 16, 16], "texture": "#1"},
				"south": {"uv": [0, 0, 16, 16], "texture": "#0"},
				"west": {"uv": [0, 0, 16, 16], "texture": "#1"},
				"up": {"uv": [0, 0, 16, 16], "texture": "#0"},
				"down": {"uv": [0, 0, 16, 16], "texture": "#0"}
			}
		},
		{
			"from": [12.125, 3.9375, 7.75],
			"to": [14.9375, 4.5625, 8.0625],
			"rotation": {"angle": 0, "axis": "x", "origin": [6, 4.25, 7.9375]},
			"faces": {
				"north": {"uv": [0, 0, 16, 16], "rotation": 90, "texture": "#0"},
				"east": {"uv": [0, 0, 16, 16], "rotation": 90, "texture": "#1"},
				"south": {"uv": [0, 0, 16, 16], "rotation": 90, "texture": "#0"},
				"west": {"uv": [0, 0, 16, 16], "rotation": 90, "texture": "#1"},
				"up": {"uv": [0, 0, 16, 16], "rotation": 90, "texture": "#0"},
				"down": {"uv": [0, 0, 16, 16], "rotation": 90, "texture": "#0"}
			}
		},
		{
			"from": [12.125, 3.875, 7.8125],
			"to": [14.9375, 4.625, 8.125],
			"rotation": {"angle": 0, "axis": "x", "origin": [6, 4.25, 7.9375]},
			"faces": {
				"north": {"uv": [0, 0, 16, 16], "rotation": 90, "texture": "#0"},
				"east": {"uv": [0, 0, 16, 16], "rotation": 90, "texture": "#1"},
				"south": {"uv": [0, 0, 16, 16], "rotation": 90, "texture": "#0"},
				"west": {"uv": [0, 0, 16, 16], "rotation": 90, "texture": "#1"},
				"up": {"uv": [0, 0, 16, 16], "rotation": 90, "texture": "#0"},
				"down": {"uv": [0, 0, 16, 16], "rotation": 90, "texture": "#0"}
			}
		},
		{
			"from": [12.125, 3.9375, 8.4375],
			"to": [14.9375, 4.5625, 8.75],
			"rotation": {"angle": 0, "axis": "x", "origin": [2, 4.25, 8.5625]},
			"faces": {
				"north": {"uv": [0, 0, 16, 16], "rotation": 270, "texture": "#0"},
				"east": {"uv": [0, 0, 16, 16], "rotation": 270, "texture": "#1"},
				"south": {"uv": [0, 0, 16, 16], "rotation": 270, "texture": "#0"},
				"west": {"uv": [0, 0, 16, 16], "rotation": 270, "texture": "#1"},
				"up": {"uv": [0, 0, 16, 16], "rotation": 270, "texture": "#0"},
				"down": {"uv": [0, 0, 16, 16], "rotation": 270, "texture": "#0"}
			}
		},
		{
			"from": [12.125, 3.875, 8.375],
			"to": [14.9375, 4.625, 8.6875],
			"rotation": {"angle": 0, "axis": "x", "origin": [2, 4.25, 8.5625]},
			"faces": {
				"north": {"uv": [0, 0, 16, 16], "rotation": 270, "texture": "#0"},
				"east": {"uv": [0, 0, 16, 16], "rotation": 270, "texture": "#1"},
				"south": {"uv": [0, 0, 16, 16], "rotation": 270, "texture": "#0"},
				"west": {"uv": [0, 0, 16, 16], "rotation": 270, "texture": "#1"},
				"up": {"uv": [0, 0, 16, 16], "rotation": 270, "texture": "#0"},
				"down": {"uv": [0, 0, 16, 16], "rotation": 270, "texture": "#0"}
			}
		},
		{
			"from": [12.125, 3.6875, 8],
			"to": [14.9375, 4.125, 8.5],
			"rotation": {"angle": 0, "axis": "y", "origin": [8, -4.0625, 16.125]},
			"faces": {
				"north": {"uv": [0, 0, 16, 16], "texture": "#0"},
				"east": {"uv": [0, 0, 16, 16], "texture": "#1"},
				"south": {"uv": [0, 0, 16, 16], "texture": "#0"},
				"west": {"uv": [0, 0, 16, 16], "texture": "#1"},
				"up": {"uv": [0, 0, 16, 16], "texture": "#0"},
				"down": {"uv": [0, 0, 16, 16], "texture": "#0"}
			}
		},
		{
			"from": [12.125, 3.75, 7.9375],
			"to": [14.9375, 4.1875, 8.5625],
			"rotation": {"angle": 0, "axis": "y", "origin": [8, -4, 16.0625]},
			"faces": {
				"north": {"uv": [0, 0, 16, 16], "texture": "#0"},
				"east": {"uv": [0, 0, 16, 16], "texture": "#1"},
				"south": {"uv": [0, 0, 16, 16], "texture": "#0"},
				"west": {"uv": [0, 0, 16, 16], "texture": "#1"},
				"up": {"uv": [0, 0, 16, 16], "texture": "#0"},
				"down": {"uv": [0, 0, 16, 16], "texture": "#0"}
			}
		},
		{
			"from": [12.125, 3.8125, 7.875],
			"to": [14.9375, 4.6875, 8.625],
			"rotation": {"angle": 0, "axis": "y", "origin": [8, 12, 16]},
			"faces": {
				"north": {"uv": [0, 0, 16, 16], "texture": "#0"},
				"east": {"uv": [0, 0, 16, 16], "texture": "#1"},
				"south": {"uv": [0, 0, 16, 16], "texture": "#0"},
				"west": {"uv": [0, 0, 16, 16], "texture": "#1"},
				"up": {"uv": [0, 0, 16, 16], "texture": "#0"},
				"down": {"uv": [0, 0, 16, 16], "texture": "#0"}
			}
		},
		{
			"from": [-0.875, 4.4375, 7.9375],
			"to": [0, 4.75, 8.5625],
			"rotation": {"angle": 0, "axis": "y", "origin": [-5, 12.5, 16.0625]},
			"faces": {
				"north": {"uv": [0, 0, 16, 16], "texture": "#0"},
				"east": {"uv": [0, 0, 16, 16], "texture": "#1"},
				"south": {"uv": [0, 0, 16, 16], "texture": "#0"},
				"west": {"uv": [0, 0, 16, 16], "texture": "#1"},
				"up": {"uv": [0, 0, 16, 16], "texture": "#0"},
				"down": {"uv": [0, 0, 16, 16], "texture": "#0"}
			}
		},
		{
			"from": [-0.875, 4.375, 8],
			"to": [0, 4.8125, 8.5],
			"rotation": {"angle": 0, "axis": "y", "origin": [-5, 12.5625, 16.125]},
			"faces": {
				"north": {"uv": [0, 0, 16, 16], "texture": "#0"},
				"east": {"uv": [0, 0, 16, 16], "texture": "#1"},
				"south": {"uv": [0, 0, 16, 16], "texture": "#0"},
				"west": {"uv": [0, 0, 16, 16], "texture": "#1"},
				"up": {"uv": [0, 0, 16, 16], "texture": "#0"},
				"down": {"uv": [0, 0, 16, 16], "texture": "#0"}
			}
		},
		{
			"from": [-0.875, 3.9375, 7.75],
			"to": [0, 4.5625, 8.0625],
			"rotation": {"angle": 0, "axis": "x", "origin": [-7, 4.25, 7.9375]},
			"faces": {
				"north": {"uv": [0, 0, 16, 16], "rotation": 90, "texture": "#0"},
				"east": {"uv": [0, 0, 16, 16], "rotation": 90, "texture": "#1"},
				"south": {"uv": [0, 0, 16, 16], "rotation": 90, "texture": "#0"},
				"west": {"uv": [0, 0, 16, 16], "rotation": 90, "texture": "#1"},
				"up": {"uv": [0, 0, 16, 16], "rotation": 90, "texture": "#0"},
				"down": {"uv": [0, 0, 16, 16], "rotation": 90, "texture": "#0"}
			}
		},
		{
			"from": [-0.875, 3.875, 7.8125],
			"to": [0, 4.625, 8.125],
			"rotation": {"angle": 0, "axis": "x", "origin": [-7, 4.25, 7.9375]},
			"faces": {
				"north": {"uv": [0, 0, 16, 16], "rotation": 90, "texture": "#0"},
				"east": {"uv": [0, 0, 16, 16], "rotation": 90, "texture": "#1"},
				"south": {"uv": [0, 0, 16, 16], "rotation": 90, "texture": "#0"},
				"west": {"uv": [0, 0, 16, 16], "rotation": 90, "texture": "#1"},
				"up": {"uv": [0, 0, 16, 16], "rotation": 90, "texture": "#0"},
				"down": {"uv": [0, 0, 16, 16], "rotation": 90, "texture": "#0"}
			}
		},
		{
			"from": [-0.875, 3.9375, 8.4375],
			"to": [0, 4.5625, 8.75],
			"rotation": {"angle": 0, "axis": "x", "origin": [-11, 4.25, 8.5625]},
			"faces": {
				"north": {"uv": [0, 0, 16, 16], "rotation": 270, "texture": "#0"},
				"east": {"uv": [0, 0, 16, 16], "rotation": 270, "texture": "#1"},
				"south": {"uv": [0, 0, 16, 16], "rotation": 270, "texture": "#0"},
				"west": {"uv": [0, 0, 16, 16], "rotation": 270, "texture": "#1"},
				"up": {"uv": [0, 0, 16, 16], "rotation": 270, "texture": "#0"},
				"down": {"uv": [0, 0, 16, 16], "rotation": 270, "texture": "#0"}
			}
		},
		{
			"from": [-0.875, 3.875, 8.375],
			"to": [0, 4.625, 8.6875],
			"rotation": {"angle": 0, "axis": "x", "origin": [-11, 4.25, 8.5625]},
			"faces": {
				"north": {"uv": [0, 0, 16, 16], "rotation": 270, "texture": "#0"},
				"east": {"uv": [0, 0, 16, 16], "rotation": 270, "texture": "#1"},
				"south": {"uv": [0, 0, 16, 16], "rotation": 270, "texture": "#0"},
				"west": {"uv": [0, 0, 16, 16], "rotation": 270, "texture": "#1"},
				"up": {"uv": [0, 0, 16, 16], "rotation": 270, "texture": "#0"},
				"down": {"uv": [0, 0, 16, 16], "rotation": 270, "texture": "#0"}
			}
		},
		{
			"from": [-0.875, 3.6875, 8],
			"to": [0, 4.125, 8.5],
			"rotation": {"angle": 0, "axis": "y", "origin": [-5, -4.0625, 16.125]},
			"faces": {
				"north": {"uv": [0, 0, 16, 16], "texture": "#0"},
				"east": {"uv": [0, 0, 16, 16], "texture": "#1"},
				"south": {"uv": [0, 0, 16, 16], "texture": "#0"},
				"west": {"uv": [0, 0, 16, 16], "texture": "#1"},
				"up": {"uv": [0, 0, 16, 16], "texture": "#0"},
				"down": {"uv": [0, 0, 16, 16], "texture": "#0"}
			}
		},
		{
			"from": [-0.875, 3.75, 7.9375],
			"to": [0, 4.0625, 8.5625],
			"rotation": {"angle": 0, "axis": "y", "origin": [-5, -4, 16.0625]},
			"faces": {
				"north": {"uv": [0, 0, 16, 16], "texture": "#0"},
				"east": {"uv": [0, 0, 16, 16], "texture": "#1"},
				"south": {"uv": [0, 0, 16, 16], "texture": "#0"},
				"west": {"uv": [0, 0, 16, 16], "texture": "#1"},
				"up": {"uv": [0, 0, 16, 16], "texture": "#0"},
				"down": {"uv": [0, 0, 16, 16], "texture": "#0"}
			}
		},
		{
			"from": [-0.75, 4.8125, 8.1875],
			"to": [-0.1875, 5, 8.3125],
			"rotation": {"angle": 0, "axis": "y", "origin": [7.25, 11.5625, 16.0625]},
			"faces": {
				"north": {"uv": [0, 0, 16, 16], "texture": "#2"},
				"east": {"uv": [0, 0, 16, 16], "texture": "#2"},
				"south": {"uv": [0, 0, 16, 16], "texture": "#2"},
				"west": {"uv": [0, 0, 16, 16], "texture": "#2"},
				"up": {"uv": [0, 0, 16, 16], "texture": "#2"},
				"down": {"uv": [0, 0, 16, 16], "texture": "#2"}
			}
		},
		{
			"from": [9.625, 4.8125, 8.125],
			"to": [9.8125, 5, 8.1875],
			"rotation": {"angle": 0, "axis": "y", "origin": [17.25, 11.5625, 16]},
			"faces": {
				"north": {"uv": [0, 0, 16, 16], "texture": "#2"},
				"east": {"uv": [0, 0, 16, 16], "texture": "#2"},
				"south": {"uv": [0, 0, 16, 16], "texture": "#2"},
				"west": {"uv": [0, 0, 16, 16], "texture": "#2"},
				"up": {"uv": [0, 0, 16, 16], "texture": "#2"},
				"down": {"uv": [0, 0, 16, 16], "texture": "#2"}
			}
		},
		{
			"from": [9.625, 4.8125, 8.3125],
			"to": [9.8125, 5, 8.375],
			"rotation": {"angle": 0, "axis": "y", "origin": [17.25, 11.5625, 16.125]},
			"faces": {
				"north": {"uv": [0, 0, 16, 16], "texture": "#2"},
				"east": {"uv": [0, 0, 16, 16], "texture": "#2"},
				"south": {"uv": [0, 0, 16, 16], "texture": "#2"},
				"west": {"uv": [0, 0, 16, 16], "texture": "#2"},
				"up": {"uv": [0, 0, 16, 16], "texture": "#2"},
				"down": {"uv": [0, 0, 16, 16], "texture": "#2"}
			}
		},
		{
			"from": [9.625, 4.5625, 8.0625],
			"to": [9.8125, 4.875, 8.4375],
			"rotation": {"angle": 0, "axis": "y", "origin": [17.375, 10.9375, 16.0625]},
			"faces": {
				"north": {"uv": [0, 0, 16, 16], "texture": "#2"},
				"east": {"uv": [0, 0, 16, 16], "texture": "#2"},
				"south": {"uv": [0, 0, 16, 16], "texture": "#2"},
				"west": {"uv": [0, 0, 16, 16], "texture": "#2"},
				"up": {"uv": [0, 0, 16, 16], "texture": "#2"},
				"down": {"uv": [0, 0, 16, 16], "texture": "#2"}
			}
		}
	],
	"display": {
		"thirdperson_righthand": {
			"rotation": [86.25, -93, 17.25],
			"translation": [2.25, 5.5, 17],
			"scale": [2, 2, 2]
		},
		"thirdperson_lefthand": {
			"rotation": [72, 88, 0],
			"translation": [0.75, 6.25, 16],
			"scale": [2, 2, 2]
		},
		"firstperson_righthand": {
			"rotation": [0, -109, 0],
			"translation": [-2.25, 14, 2.5],
			"scale": [1, 2.42, 2.44]
		},
		"firstperson_lefthand": {
			"rotation": [0, 62, 0],
			"translation": [-4, 13, 5],
			"scale": [1, 2, 2]
		},
		"ground": {
			"scale": [2, 2, 2]
		},
		"gui": {
			"rotation": [0, -176, -41],
			"translation": [-6.5, 4.5, 0],
			"scale": [2, 2, 2]
		},
		"fixed": {
			"rotation": [1, 1, -37],
			"translation": [3.25, 7.5, -5],
			"scale": [2, 2, 2]
		}
	},
	"groups": [
		{
			"name": "main_body",
			"origin": [8, 12, 16],
			"children": [0, 1, 2, 3, 4, 5, 6, 7, 8]
		},
		{
			"name": "trigger",
			"origin": [15.6875, 9.375, 16.0625],
			"children": [9, 10, 11, 12, 13, 14]
		},
		{
			"name": "group",
			"origin": [15.75, 3.59375, 8.21875],
			"children": [15, 16, 17, 18]
		},
		{
			"name": "main_body_back",
			"origin": [8, 12, 16],
			"children": [19, 20, 21, 22, 23, 24, 25, 26, 27]
		},
		{
			"name": "main_body_front",
			"origin": [8, 12, 16],
			"children": [28, 29, 30, 31, 32, 33, 34, 35]
		}, 36, 37, 38, 39]
}