{
	"credit": "Made with Blockbench",
	"parent": "nuclear_craft:block/atomic_bomb",
	"texture_size": [128, 128],
	"textures": {
		"0": "nuclear_craft:item/iron_texture2",
		"1": "nuclear_craft:item/iron_texture",
		"3": "nuclear_craft:item/iron_texture5",
		"particle": "nuclear_craft:item/iron_texture",
		"3_2": "nuclear_craft:item/iron_texture3"
	},
	"elements": [
		{
			"from": [0, 4.5, 8.0625],
			"to": [12.125, 4.5625, 8.4375],
			"rotation": {"angle": 0, "axis": "y", "origin": [7.52668, 4.17482, 8.24687]},
			"faces": {
				"north": {"uv": [0, 0, 16, 16], "texture": "#1"},
				"east": {"uv": [0, 0, 16, 16], "texture": "#1"},
				"south": {"uv": [0, 0, 16, 16], "texture": "#1"},
				"west": {"uv": [0, 0, 16, 16], "texture": "#1"},
				"up": {"uv": [0, 0, 16, 16], "texture": "#1"},
				"down": {"uv": [0, 0, 16, 16], "texture": "#1"}
			}
		},
		{
			"from": [0, 4.5625, 8.125],
			"to": [12.125, 4.625, 8.375],
			"rotation": {"angle": 0, "axis": "y", "origin": [7.52668, 4.17482, 8.24687]},
			"faces": {
				"north": {"uv": [0, 0, 16, 16], "texture": "#1"},
				"east": {"uv": [0, 0, 16, 16], "texture": "#1"},
				"south": {"uv": [0, 0, 16, 16], "texture": "#1"},
				"west": {"uv": [0, 0, 16, 16], "texture": "#1"},
				"up": {"uv": [0, 0, 16, 16], "texture": "#1"},
				"down": {"uv": [0, 0, 16, 16], "texture": "#1"}
			}
		},
		{
			"from": [0, 4.125, 7.875],
			"to": [12.125, 4.375, 7.9375],
			"rotation": {"angle": 0, "axis": "x", "origin": [7.52668, 4.17482, 8.24687]},
			"faces": {
				"north": {"uv": [0, 0, 16, 16], "rotation": 90, "texture": "#1"},
				"east": {"uv": [0, 0, 16, 16], "rotation": 90, "texture": "#1"},
				"south": {"uv": [0, 0, 16, 16], "rotation": 90, "texture": "#1"},
				"west": {"uv": [0, 0, 16, 16], "rotation": 90, "texture": "#1"},
				"up": {"uv": [0, 0, 16, 16], "rotation": 90, "texture": "#1"},
				"down": {"uv": [0, 0, 16, 16], "rotation": 90, "texture": "#1"}
			}
		},
		{
			"from": [0, 4.0625, 7.9375],
			"to": [12.125, 4.4375, 8],
			"rotation": {"angle": 0, "axis": "x", "origin": [7.52668, 4.17482, 8.24687]},
			"faces": {
				"north": {"uv": [0, 0, 16, 16], "rotation": 90, "texture": "#1"},
				"east": {"uv": [0, 0, 16, 16], "rotation": 90, "texture": "#1"},
				"south": {"uv": [0, 0, 16, 16], "rotation": 90, "texture": "#1"},
				"west": {"uv": [0, 0, 16, 16], "rotation": 90, "texture": "#1"},
				"up": {"uv": [0, 0, 16, 16], "rotation": 90, "texture": "#1"},
				"down": {"uv": [0, 0, 16, 16], "rotation": 90, "texture": "#1"}
			}
		},
		{
			"from": [0, 4.125, 8.5625],
			"to": [12.125, 4.375, 8.625],
			"rotation": {"angle": 0, "axis": "x", "origin": [7.52668, 4.17482, 8.24687]},
			"faces": {
				"north": {"uv": [0, 0, 16, 16], "rotation": 270, "texture": "#1"},
				"east": {"uv": [0, 0, 16, 16], "rotation": 270, "texture": "#1"},
				"south": {"uv": [0, 0, 16, 16], "rotation": 270, "texture": "#1"},
				"west": {"uv": [0, 0, 16, 16], "rotation": 270, "texture": "#1"},
				"up": {"uv": [0, 0, 16, 16], "rotation": 270, "texture": "#1"},
				"down": {"uv": [0, 0, 16, 16], "rotation": 270, "texture": "#1"}
			}
		},
		{
			"from": [0, 4.0625, 8.5],
			"to": [12.125, 4.4375, 8.5625],
			"rotation": {"angle": 0, "axis": "x", "origin": [7.52668, 4.17482, 8.24687]},
			"faces": {
				"north": {"uv": [0, 0, 16, 16], "rotation": 270, "texture": "#1"},
				"east": {"uv": [0, 0, 16, 16], "rotation": 270, "texture": "#1"},
				"south": {"uv": [0, 0, 16, 16], "rotation": 270, "texture": "#1"},
				"west": {"uv": [0, 0, 16, 16], "rotation": 270, "texture": "#1"},
				"up": {"uv": [0, 0, 16, 16], "rotation": 270, "texture": "#1"},
				"down": {"uv": [0, 0, 16, 16], "rotation": 270, "texture": "#1"}
			}
		},
		{
			"from": [0, 3.875, 8.125],
			"to": [12.125, 3.9375, 8.375],
			"rotation": {"angle": 0, "axis": "y", "origin": [7.52668, 4.17482, 8.24687]},
			"faces": {
				"north": {"uv": [0, 0, 16, 16], "texture": "#1"},
				"east": {"uv": [0, 0, 16, 16], "texture": "#1"},
				"south": {"uv": [0, 0, 16, 16], "texture": "#1"},
				"west": {"uv": [0, 0, 16, 16], "texture": "#1"},
				"up": {"uv": [0, 0, 16, 16], "texture": "#1"},
				"down": {"uv": [0, 0, 16, 16], "texture": "#1"}
			}
		},
		{
			"from": [0, 3.9375, 8.0625],
			"to": [12.125, 4, 8.4375],
			"rotation": {"angle": 0, "axis": "y", "origin": [7.52668, 4.17482, 8.24687]},
			"faces": {
				"north": {"uv": [0, 0, 16, 16], "texture": "#1"},
				"east": {"uv": [0, 0, 16, 16], "texture": "#1"},
				"south": {"uv": [0, 0, 16, 16], "texture": "#1"},
				"west": {"uv": [0, 0, 16, 16], "texture": "#1"},
				"up": {"uv": [0, 0, 16, 16], "texture": "#1"},
				"down": {"uv": [0, 0, 16, 16], "texture": "#1"}
			}
		},
		{
			"from": [0, 4, 8],
			"to": [12.125, 4.5, 8.5],
			"rotation": {"angle": 0, "axis": "y", "origin": [7.52668, 4.17482, 8.24687]},
			"faces": {
				"north": {"uv": [0, 0, 16, 16], "texture": "#1"},
				"east": {"uv": [0, 0, 16, 16], "texture": "#1"},
				"south": {"uv": [0, 0, 16, 16], "texture": "#1"},
				"west": {"uv": [0, 0, 16, 16], "texture": "#1"},
				"up": {"uv": [0, 0, 16, 16], "texture": "#1"},
				"down": {"uv": [0, 0, 16, 16], "texture": "#1"}
			}
		},
		{
			"from": [8.6875, 2.8125, 8.0625],
			"to": [9.25, 3.875, 8.4375],
			"rotation": {"angle": 0, "axis": "y", "origin": [7.52668, 4.17482, 8.24687]},
			"faces": {
				"north": {"uv": [0, 0, 16, 16], "texture": "#3_2"},
				"east": {"uv": [0, 0, 16, 16], "texture": "#3_2"},
				"south": {"uv": [0, 0, 16, 16], "texture": "#3_2"},
				"west": {"uv": [0, 0, 16, 16], "texture": "#3_2"},
				"up": {"uv": [0, 0, 16, 16], "texture": "#3_2"},
				"down": {"uv": [0, 0, 16, 16], "texture": "#3_2"}
			}
		},
		{
			"from": [5.5, 2.875, 8.0625],
			"to": [6.5, 3.9375, 8.4375],
			"rotation": {"angle": 0, "axis": "y", "origin": [7.52668, 4.17482, 8.24687]},
			"faces": {
				"north": {"uv": [0, 0, 16, 16], "texture": "#3_2"},
				"east": {"uv": [0, 0, 16, 16], "texture": "#3_2"},
				"south": {"uv": [0, 0, 16, 16], "texture": "#3_2"},
				"west": {"uv": [0, 0, 16, 16], "texture": "#3_2"},
				"up": {"uv": [0, 0, 16, 16], "texture": "#3_2"},
				"down": {"uv": [0, 0, 16, 16], "texture": "#3_2"}
			}
		},
		{
			"from": [5.34024, 2.38743, 8.0625],
			"to": [5.46524, 3.01243, 8.4375],
			"rotation": {"angle": -22.5, "axis": "z", "origin": [7.52668, 4.17482, 8.24687]},
			"faces": {
				"north": {"uv": [0, 0, 16, 16], "texture": "#3_2"},
				"east": {"uv": [0, 0, 16, 16], "texture": "#3_2"},
				"south": {"uv": [0, 0, 16, 16], "texture": "#3_2"},
				"west": {"uv": [0, 0, 16, 16], "texture": "#3_2"},
				"up": {"uv": [0, 0, 16, 16], "texture": "#3_2"},
				"down": {"uv": [0, 0, 16, 16], "texture": "#3_2"}
			}
		},
		{
			"from": [5.62895, 2.69452, 8.0625],
			"to": [5.75395, 3.13202, 8.4375],
			"rotation": {"angle": -22.5, "axis": "z", "origin": [7.52668, 4.17482, 8.24687]},
			"faces": {
				"north": {"uv": [0, 0, 16, 16], "texture": "#0"},
				"east": {"uv": [0, 0, 16, 16], "texture": "#0"},
				"south": {"uv": [0, 0, 16, 16], "texture": "#0"},
				"west": {"uv": [0, 0, 16, 16], "texture": "#0"},
				"up": {"uv": [0, 0, 16, 16], "texture": "#0"},
				"down": {"uv": [0, 0, 16, 16], "texture": "#0"}
			}
		},
		{
			"from": [4.9375, 3.1875, 8.0625],
			"to": [5.5625, 3.3125, 8.4375],
			"rotation": {"angle": 0, "axis": "z", "origin": [7.52668, 4.17482, 8.24687]},
			"faces": {
				"north": {"uv": [0, 0, 16, 16], "rotation": 270, "texture": "#3_2"},
				"east": {"uv": [0, 0, 16, 16], "rotation": 270, "texture": "#3_2"},
				"south": {"uv": [0, 0, 16, 16], "rotation": 270, "texture": "#3_2"},
				"west": {"uv": [0, 0, 16, 16], "rotation": 270, "texture": "#3_2"},
				"up": {"uv": [0, 0, 16, 16], "rotation": 270, "texture": "#3_2"},
				"down": {"uv": [0, 0, 16, 16], "rotation": 270, "texture": "#3_2"}
			}
		},
		{
			"from": [5.6875, 2.25, 8.0625],
			"to": [6.25, 3.3125, 8.4375],
			"rotation": {"angle": 0, "axis": "y", "origin": [7.52668, 4.17482, 8.24687]},
			"faces": {
				"north": {"uv": [0, 0, 16, 16], "texture": "#3_2"},
				"east": {"uv": [0, 0, 16, 16], "texture": "#3_2"},
				"south": {"uv": [0, 0, 16, 16], "texture": "#3_2"},
				"west": {"uv": [0, 0, 16, 16], "texture": "#3_2"},
				"up": {"uv": [0, 0, 16, 16], "texture": "#3_2"},
				"down": {"uv": [0, 0, 16, 16], "texture": "#3_2"}
			}
		},
		{
			"from": [14.3464, 6.75366, 7.9375],
			"to": [16.3464, 6.81616, 8.5],
			"rotation": {"angle": -22.5, "axis": "z", "origin": [7.52668, 4.17482, 8.24687]},
			"faces": {
				"north": {"uv": [0, 0, 16, 16], "texture": "#0"},
				"east": {"uv": [0, 0, 16, 16], "texture": "#0"},
				"south": {"uv": [0, 0, 16, 16], "texture": "#0"},
				"west": {"uv": [0, 0, 16, 16], "texture": "#0"},
				"up": {"uv": [0, 0, 16, 16], "texture": "#0"},
				"down": {"uv": [0, 0, 16, 16], "texture": "#0"}
			}
		},
		{
			"from": [14.40394, 1.67239, 7.9375],
			"to": [16.40394, 1.73489, 8.5],
			"rotation": {"angle": 22.5, "axis": "z", "origin": [7.52668, 4.17482, 8.24687]},
			"faces": {
				"north": {"uv": [0, 0, 16, 16], "texture": "#0"},
				"east": {"uv": [0, 0, 16, 16], "texture": "#0"},
				"south": {"uv": [0, 0, 16, 16], "texture": "#0"},
				"west": {"uv": [0, 0, 16, 16], "texture": "#0"},
				"up": {"uv": [0, 0, 16, 16], "texture": "#0"},
				"down": {"uv": [0, 0, 16, 16], "texture": "#0"}
			}
		},
		{
			"from": [14.35245, 3.9375, 5.62014],
			"to": [16.35245, 4.5, 5.68264],
			"rotation": {"angle": -22.5, "axis": "y", "origin": [7.52668, 4.17482, 8.24687]},
			"faces": {
				"north": {"uv": [0, 0, 16, 16], "rotation": 90, "texture": "#0"},
				"east": {"uv": [0, 0, 16, 16], "rotation": 90, "texture": "#0"},
				"south": {"uv": [0, 0, 16, 16], "rotation": 90, "texture": "#0"},
				"west": {"uv": [0, 0, 16, 16], "rotation": 90, "texture": "#0"},
				"up": {"uv": [0, 0, 16, 16], "rotation": 90, "texture": "#0"},
				"down": {"uv": [0, 0, 16, 16], "rotation": 90, "texture": "#0"}
			}
		},
		{
			"from": [14.37398, 3.9375, 10.75915],
			"to": [16.37398, 4.5, 10.82165],
			"rotation": {"angle": 22.5, "axis": "y", "origin": [7.52668, 4.17482, 8.24687]},
			"faces": {
				"north": {"uv": [0, 0, 16, 16], "rotation": 90, "texture": "#0"},
				"east": {"uv": [0, 0, 16, 16], "rotation": 90, "texture": "#0"},
				"south": {"uv": [0, 0, 16, 16], "rotation": 90, "texture": "#0"},
				"west": {"uv": [0, 0, 16, 16], "rotation": 90, "texture": "#0"},
				"up": {"uv": [0, 0, 16, 16], "rotation": 90, "texture": "#0"},
				"down": {"uv": [0, 0, 16, 16], "rotation": 90, "texture": "#0"}
			}
		},
		{
			"from": [12.125, 4.3125, 7.9375],
			"to": [14.9375, 4.75, 8.5625],
			"rotation": {"angle": 0, "axis": "y", "origin": [7.52668, 4.17482, 8.24687]},
			"faces": {
				"north": {"uv": [0, 0, 16, 16], "texture": "#1"},
				"east": {"uv": [0, 0, 16, 16], "texture": "#0"},
				"south": {"uv": [0, 0, 16, 16], "texture": "#1"},
				"west": {"uv": [0, 0, 16, 16], "texture": "#0"},
				"up": {"uv": [0, 0, 16, 16], "texture": "#1"},
				"down": {"uv": [0, 0, 16, 16], "texture": "#1"}
			}
		},
		{
			"from": [12.125, 4.375, 8],
			"to": [14.9375, 4.8125, 8.5],
			"rotation": {"angle": 0, "axis": "y", "origin": [7.52668, 4.17482, 8.24687]},
			"faces": {
				"north": {"uv": [0, 0, 16, 16], "texture": "#1"},
				"east": {"uv": [0, 0, 16, 16], "texture": "#0"},
				"south": {"uv": [0, 0, 16, 16], "texture": "#1"},
				"west": {"uv": [0, 0, 16, 16], "texture": "#0"},
				"up": {"uv": [0, 0, 16, 16], "texture": "#1"},
				"down": {"uv": [0, 0, 16, 16], "texture": "#1"}
			}
		},
		{
			"from": [12.125, 3.9375, 7.75],
			"to": [14.9375, 4.5625, 8.0625],
			"rotation": {"angle": 0, "axis": "x", "origin": [7.52668, 4.17482, 8.24687]},
			"faces": {
				"north": {"uv": [0, 0, 16, 16], "rotation": 90, "texture": "#1"},
				"east": {"uv": [0, 0, 16, 16], "rotation": 90, "texture": "#0"},
				"south": {"uv": [0, 0, 16, 16], "rotation": 90, "texture": "#1"},
				"west": {"uv": [0, 0, 16, 16], "rotation": 90, "texture": "#0"},
				"up": {"uv": [0, 0, 16, 16], "rotation": 90, "texture": "#1"},
				"down": {"uv": [0, 0, 16, 16], "rotation": 90, "texture": "#1"}
			}
		},
		{
			"from": [12.125, 3.875, 7.8125],
			"to": [14.9375, 4.625, 8.125],
			"rotation": {"angle": 0, "axis": "x", "origin": [7.52668, 4.17482, 8.24687]},
			"faces": {
				"north": {"uv": [0, 0, 16, 16], "rotation": 90, "texture": "#1"},
				"east": {"uv": [0, 0, 16, 16], "rotation": 90, "texture": "#0"},
				"south": {"uv": [0, 0, 16, 16], "rotation": 90, "texture": "#1"},
				"west": {"uv": [0, 0, 16, 16], "rotation": 90, "texture": "#0"},
				"up": {"uv": [0, 0, 16, 16], "rotation": 90, "texture": "#1"},
				"down": {"uv": [0, 0, 16, 16], "rotation": 90, "texture": "#1"}
			}
		},
		{
			"from": [12.125, 3.9375, 8.4375],
			"to": [14.9375, 4.5625, 8.75],
			"rotation": {"angle": 0, "axis": "x", "origin": [7.52668, 4.17482, 8.24687]},
			"faces": {
				"north": {"uv": [0, 0, 16, 16], "rotation": 270, "texture": "#1"},
				"east": {"uv": [0, 0, 16, 16], "rotation": 270, "texture": "#0"},
				"south": {"uv": [0, 0, 16, 16], "rotation": 270, "texture": "#1"},
				"west": {"uv": [0, 0, 16, 16], "rotation": 270, "texture": "#0"},
				"up": {"uv": [0, 0, 16, 16], "rotation": 270, "texture": "#1"},
				"down": {"uv": [0, 0, 16, 16], "rotation": 270, "texture": "#1"}
			}
		},
		{
			"from": [12.125, 3.875, 8.375],
			"to": [14.9375, 4.625, 8.6875],
			"rotation": {"angle": 0, "axis": "x", "origin": [7.52668, 4.17482, 8.24687]},
			"faces": {
				"north": {"uv": [0, 0, 16, 16], "rotation": 270, "texture": "#1"},
				"east": {"uv": [0, 0, 16, 16], "rotation": 270, "texture": "#0"},
				"south": {"uv": [0, 0, 16, 16], "rotation": 270, "texture": "#1"},
				"west": {"uv": [0, 0, 16, 16], "rotation": 270, "texture": "#0"},
				"up": {"uv": [0, 0, 16, 16], "rotation": 270, "texture": "#1"},
				"down": {"uv": [0, 0, 16, 16], "rotation": 270, "texture": "#1"}
			}
		},
		{
			"from": [12.125, 3.6875, 8],
			"to": [14.9375, 4.125, 8.5],
			"rotation": {"angle": 0, "axis": "y", "origin": [7.52668, 4.17482, 8.24687]},
			"faces": {
				"north": {"uv": [0, 0, 16, 16], "texture": "#1"},
				"east": {"uv": [0, 0, 16, 16], "texture": "#0"},
				"south": {"uv": [0, 0, 16, 16], "texture": "#1"},
				"west": {"uv": [0, 0, 16, 16], "texture": "#0"},
				"up": {"uv": [0, 0, 16, 16], "texture": "#1"},
				"down": {"uv": [0, 0, 16, 16], "texture": "#1"}
			}
		},
		{
			"from": [12.125, 3.75, 7.9375],
			"to": [14.9375, 4.1875, 8.5625],
			"rotation": {"angle": 0, "axis": "y", "origin": [7.52668, 4.17482, 8.24687]},
			"faces": {
				"north": {"uv": [0, 0, 16, 16], "texture": "#1"},
				"east": {"uv": [0, 0, 16, 16], "texture": "#0"},
				"south": {"uv": [0, 0, 16, 16], "texture": "#1"},
				"west": {"uv": [0, 0, 16, 16], "texture": "#0"},
				"up": {"uv": [0, 0, 16, 16], "texture": "#1"},
				"down": {"uv": [0, 0, 16, 16], "texture": "#1"}
			}
		},
		{
			"from": [12.125, 3.8125, 7.875],
			"to": [14.9375, 4.6875, 8.625],
			"rotation": {"angle": 0, "axis": "y", "origin": [7.52668, 4.17482, 8.24687]},
			"faces": {
				"north": {"uv": [0, 0, 16, 16], "texture": "#1"},
				"east": {"uv": [0, 0, 16, 16], "texture": "#0"},
				"south": {"uv": [0, 0, 16, 16], "texture": "#1"},
				"west": {"uv": [0, 0, 16, 16], "texture": "#0"},
				"up": {"uv": [0, 0, 16, 16], "texture": "#1"},
				"down": {"uv": [0, 0, 16, 16], "texture": "#1"}
			}
		},
		{
			"from": [-0.875, 4.4375, 7.9375],
			"to": [0, 4.75, 8.5625],
			"rotation": {"angle": 0, "axis": "y", "origin": [7.52668, 4.17482, 8.24687]},
			"faces": {
				"north": {"uv": [0, 0, 16, 16], "texture": "#1"},
				"east": {"uv": [0, 0, 16, 16], "texture": "#0"},
				"south": {"uv": [0, 0, 16, 16], "texture": "#1"},
				"west": {"uv": [0, 0, 16, 16], "texture": "#0"},
				"up": {"uv": [0, 0, 16, 16], "texture": "#1"},
				"down": {"uv": [0, 0, 16, 16], "texture": "#1"}
			}
		},
		{
			"from": [-0.875, 4.375, 8],
			"to": [0, 4.8125, 8.5],
			"rotation": {"angle": 0, "axis": "y", "origin": [7.52668, 4.17482, 8.24687]},
			"faces": {
				"north": {"uv": [0, 0, 16, 16], "texture": "#1"},
				"east": {"uv": [0, 0, 16, 16], "texture": "#0"},
				"south": {"uv": [0, 0, 16, 16], "texture": "#1"},
				"west": {"uv": [0, 0, 16, 16], "texture": "#0"},
				"up": {"uv": [0, 0, 16, 16], "texture": "#1"},
				"down": {"uv": [0, 0, 16, 16], "texture": "#1"}
			}
		},
		{
			"from": [-0.875, 3.9375, 7.75],
			"to": [0, 4.5625, 8.0625],
			"rotation": {"angle": 0, "axis": "x", "origin": [7.52668, 4.17482, 8.24687]},
			"faces": {
				"north": {"uv": [0, 0, 16, 16], "rotation": 90, "texture": "#1"},
				"east": {"uv": [0, 0, 16, 16], "rotation": 90, "texture": "#0"},
				"south": {"uv": [0, 0, 16, 16], "rotation": 90, "texture": "#1"},
				"west": {"uv": [0, 0, 16, 16], "rotation": 90, "texture": "#0"},
				"up": {"uv": [0, 0, 16, 16], "rotation": 90, "texture": "#1"},
				"down": {"uv": [0, 0, 16, 16], "rotation": 90, "texture": "#1"}
			}
		},
		{
			"from": [-0.875, 3.875, 7.8125],
			"to": [0, 4.625, 8.125],
			"rotation": {"angle": 0, "axis": "x", "origin": [7.52668, 4.17482, 8.24687]},
			"faces": {
				"north": {"uv": [0, 0, 16, 16], "rotation": 90, "texture": "#1"},
				"east": {"uv": [0, 0, 16, 16], "rotation": 90, "texture": "#0"},
				"south": {"uv": [0, 0, 16, 16], "rotation": 90, "texture": "#1"},
				"west": {"uv": [0, 0, 16, 16], "rotation": 90, "texture": "#0"},
				"up": {"uv": [0, 0, 16, 16], "rotation": 90, "texture": "#1"},
				"down": {"uv": [0, 0, 16, 16], "rotation": 90, "texture": "#1"}
			}
		},
		{
			"from": [-0.875, 3.9375, 8.4375],
			"to": [0, 4.5625, 8.75],
			"rotation": {"angle": 0, "axis": "x", "origin": [7.52668, 4.17482, 8.24687]},
			"faces": {
				"north": {"uv": [0, 0, 16, 16], "rotation": 270, "texture": "#1"},
				"east": {"uv": [0, 0, 16, 16], "rotation": 270, "texture": "#0"},
				"south": {"uv": [0, 0, 16, 16], "rotation": 270, "texture": "#1"},
				"west": {"uv": [0, 0, 16, 16], "rotation": 270, "texture": "#0"},
				"up": {"uv": [0, 0, 16, 16], "rotation": 270, "texture": "#1"},
				"down": {"uv": [0, 0, 16, 16], "rotation": 270, "texture": "#1"}
			}
		},
		{
			"from": [-0.875, 3.875, 8.375],
			"to": [0, 4.625, 8.6875],
			"rotation": {"angle": 0, "axis": "x", "origin": [7.52668, 4.17482, 8.24687]},
			"faces": {
				"north": {"uv": [0, 0, 16, 16], "rotation": 270, "texture": "#1"},
				"east": {"uv": [0, 0, 16, 16], "rotation": 270, "texture": "#0"},
				"south": {"uv": [0, 0, 16, 16], "rotation": 270, "texture": "#1"},
				"west": {"uv": [0, 0, 16, 16], "rotation": 270, "texture": "#0"},
				"up": {"uv": [0, 0, 16, 16], "rotation": 270, "texture": "#1"},
				"down": {"uv": [0, 0, 16, 16], "rotation": 270, "texture": "#1"}
			}
		},
		{
			"from": [-0.875, 3.6875, 8],
			"to": [0, 4.125, 8.5],
			"rotation": {"angle": 0, "axis": "y", "origin": [7.52668, 4.17482, 8.24687]},
			"faces": {
				"north": {"uv": [0, 0, 16, 16], "texture": "#1"},
				"east": {"uv": [0, 0, 16, 16], "texture": "#0"},
				"south": {"uv": [0, 0, 16, 16], "texture": "#1"},
				"west": {"uv": [0, 0, 16, 16], "texture": "#0"},
				"up": {"uv": [0, 0, 16, 16], "texture": "#1"},
				"down": {"uv": [0, 0, 16, 16], "texture": "#1"}
			}
		},
		{
			"from": [-0.875, 3.75, 7.9375],
			"to": [0, 4.0625, 8.5625],
			"rotation": {"angle": 0, "axis": "y", "origin": [7.52668, 4.17482, 8.24687]},
			"faces": {
				"north": {"uv": [0, 0, 16, 16], "texture": "#1"},
				"east": {"uv": [0, 0, 16, 16], "texture": "#0"},
				"south": {"uv": [0, 0, 16, 16], "texture": "#1"},
				"west": {"uv": [0, 0, 16, 16], "texture": "#0"},
				"up": {"uv": [0, 0, 16, 16], "texture": "#1"},
				"down": {"uv": [0, 0, 16, 16], "texture": "#1"}
			}
		},
		{
			"from": [-0.75, 4.8125, 8.1875],
			"to": [-0.1875, 5, 8.3125],
			"rotation": {"angle": 0, "axis": "y", "origin": [7.52668, 4.17482, 8.24687]},
			"faces": {
				"north": {"uv": [0, 0, 16, 16], "texture": "#3_2"},
				"east": {"uv": [0, 0, 16, 16], "texture": "#3_2"},
				"south": {"uv": [0, 0, 16, 16], "texture": "#3_2"},
				"west": {"uv": [0, 0, 16, 16], "texture": "#3_2"},
				"up": {"uv": [0, 0, 16, 16], "texture": "#3_2"},
				"down": {"uv": [0, 0, 16, 16], "texture": "#3_2"}
			}
		},
		{
			"from": [9.625, 4.8125, 8.125],
			"to": [9.8125, 5, 8.1875],
			"rotation": {"angle": 0, "axis": "y", "origin": [7.52668, 4.17482, 8.24687]},
			"faces": {
				"north": {"uv": [0, 0, 16, 16], "texture": "#3_2"},
				"east": {"uv": [0, 0, 16, 16], "texture": "#3_2"},
				"south": {"uv": [0, 0, 16, 16], "texture": "#3_2"},
				"west": {"uv": [0, 0, 16, 16], "texture": "#3_2"},
				"up": {"uv": [0, 0, 16, 16], "texture": "#3_2"},
				"down": {"uv": [0, 0, 16, 16], "texture": "#3_2"}
			}
		},
		{
			"from": [9.625, 4.8125, 8.3125],
			"to": [9.8125, 5, 8.375],
			"rotation": {"angle": 0, "axis": "y", "origin": [7.52668, 4.17482, 8.24687]},
			"faces": {
				"north": {"uv": [0, 0, 16, 16], "texture": "#3_2"},
				"east": {"uv": [0, 0, 16, 16], "texture": "#3_2"},
				"south": {"uv": [0, 0, 16, 16], "texture": "#3_2"},
				"west": {"uv": [0, 0, 16, 16], "texture": "#3_2"},
				"up": {"uv": [0, 0, 16, 16], "texture": "#3_2"},
				"down": {"uv": [0, 0, 16, 16], "texture": "#3_2"}
			}
		},
		{
			"from": [9.625, 4.5625, 8.0625],
			"to": [9.8125, 4.875, 8.4375],
			"rotation": {"angle": 0, "axis": "y", "origin": [7.52668, 4.17482, 8.24687]},
			"faces": {
				"north": {"uv": [0, 0, 16, 16], "texture": "#3_2"},
				"east": {"uv": [0, 0, 16, 16], "texture": "#3_2"},
				"south": {"uv": [0, 0, 16, 16], "texture": "#3_2"},
				"west": {"uv": [0, 0, 16, 16], "texture": "#3_2"},
				"up": {"uv": [0, 0, 16, 16], "texture": "#3_2"},
				"down": {"uv": [0, 0, 16, 16], "texture": "#3_2"}
			}
		},
		{
			"name": "hexadecagon",
			"from": [-5.0375, 4.21304, 7.6875],
			"to": [-4.8375, 4.41196, 8.6875],
			"rotation": {"angle": -22.5, "axis": "x", "origin": [-4.9375, 4.3125, 8.1875]},
			"faces": {
				"north": {"uv": [0, 0, 16, 16], "rotation": 180, "texture": "#3"},
				"east": {"uv": [0, 0, 16, 16], "rotation": 180, "texture": "#3"},
				"south": {"uv": [0, 0, 16, 16], "rotation": 180, "texture": "#3"},
				"west": {"uv": [0, 0, 16, 16], "rotation": 180, "texture": "#3"},
				"up": {"uv": [0, 0, 16, 16], "rotation": 180, "texture": "#3"},
				"down": {"uv": [0, 0, 16, 16], "rotation": 180, "texture": "#3"}
			}
		},
		{
			"name": "hexadecagon",
			"from": [-4.5, 3.3125, 7.98859],
			"to": [-1.5, 5.3125, 8.38641],
			"rotation": {"angle": 45, "axis": "x", "origin": [-3, 4.3125, 8.1875]},
			"faces": {
				"north": {"uv": [0, 0, 16, 16], "rotation": 180, "texture": "#3"},
				"east": {"uv": [0, 0, 16, 16], "rotation": 180, "texture": "#3"},
				"south": {"uv": [0, 0, 16, 16], "rotation": 180, "texture": "#3"},
				"west": {"uv": [0, 0, 16, 16], "rotation": 180, "texture": "#3"},
				"up": {"uv": [0, 0, 16, 16], "rotation": 180, "texture": "#3"},
				"down": {"uv": [0, 0, 16, 16], "rotation": 180, "texture": "#3"}
			}
		},
		{
			"name": "hexadecagon",
			"from": [-4.5, 3.3125, 7.98859],
			"to": [-1.5, 5.3125, 8.38641],
			"rotation": {"angle": 22.5, "axis": "x", "origin": [-3, 4.3125, 8.1875]},
			"faces": {
				"north": {"uv": [0, 0, 16, 16], "rotation": 180, "texture": "#3"},
				"east": {"uv": [0, 0, 16, 16], "rotation": 180, "texture": "#3"},
				"south": {"uv": [0, 0, 16, 16], "rotation": 180, "texture": "#3"},
				"west": {"uv": [0, 0, 16, 16], "rotation": 180, "texture": "#3"},
				"up": {"uv": [0, 0, 16, 16], "rotation": 180, "texture": "#3"},
				"down": {"uv": [0, 0, 16, 16], "rotation": 180, "texture": "#3"}
			}
		},
		{
			"name": "hexadecagon",
			"from": [-4.5, 3.3125, 7.98859],
			"to": [-1.5, 5.3125, 8.38641],
			"rotation": {"angle": 0, "axis": "y", "origin": [-3, 4.3125, 8.1875]},
			"faces": {
				"north": {"uv": [0, 0, 16, 16], "rotation": 180, "texture": "#3"},
				"east": {"uv": [0, 0, 16, 16], "rotation": 180, "texture": "#3"},
				"south": {"uv": [0, 0, 16, 16], "rotation": 180, "texture": "#3"},
				"west": {"uv": [0, 0, 16, 16], "rotation": 180, "texture": "#3"},
				"up": {"uv": [0, 0, 16, 16], "rotation": 180, "texture": "#3"},
				"down": {"uv": [0, 0, 16, 16], "rotation": 180, "texture": "#3"}
			}
		},
		{
			"name": "hexadecagon",
			"from": [-4.5, 3.3125, 7.98859],
			"to": [-1.5, 5.3125, 8.38641],
			"rotation": {"angle": -22.5, "axis": "x", "origin": [-3, 4.3125, 8.1875]},
			"faces": {
				"north": {"uv": [0, 0, 16, 16], "rotation": 180, "texture": "#3"},
				"east": {"uv": [0, 0, 16, 16], "rotation": 180, "texture": "#3"},
				"south": {"uv": [0, 0, 16, 16], "rotation": 180, "texture": "#3"},
				"west": {"uv": [0, 0, 16, 16], "rotation": 180, "texture": "#3"},
				"up": {"uv": [0, 0, 16, 16], "rotation": 180, "texture": "#3"},
				"down": {"uv": [0, 0, 16, 16], "rotation": 180, "texture": "#3"}
			}
		},
		{
			"name": "hexadecagon",
			"from": [-4.5, 3.3125, 7.98859],
			"to": [-1.5, 5.3125, 8.38641],
			"rotation": {"angle": -45, "axis": "x", "origin": [-3, 4.3125, 8.1875]},
			"faces": {
				"north": {"uv": [0, 0, 16, 16], "rotation": 180, "texture": "#3"},
				"east": {"uv": [0, 0, 16, 16], "rotation": 180, "texture": "#3"},
				"south": {"uv": [0, 0, 16, 16], "rotation": 180, "texture": "#3"},
				"west": {"uv": [0, 0, 16, 16], "rotation": 180, "texture": "#3"},
				"up": {"uv": [0, 0, 16, 16], "rotation": 180, "texture": "#3"},
				"down": {"uv": [0, 0, 16, 16], "rotation": 180, "texture": "#3"}
			}
		},
		{
			"name": "hexadecagon",
			"from": [-4.5, 4.11359, 7.1875],
			"to": [-1.5, 4.51141, 9.1875],
			"rotation": {"angle": 22.5, "axis": "x", "origin": [-3, 4.3125, 8.1875]},
			"faces": {
				"north": {"uv": [0, 0, 16, 16], "rotation": 180, "texture": "#3"},
				"east": {"uv": [0, 0, 16, 16], "rotation": 180, "texture": "#3"},
				"south": {"uv": [0, 0, 16, 16], "rotation": 180, "texture": "#3"},
				"west": {"uv": [0, 0, 16, 16], "rotation": 180, "texture": "#3"},
				"up": {"uv": [0, 0, 16, 16], "rotation": 180, "texture": "#3"},
				"down": {"uv": [0, 0, 16, 16], "rotation": 180, "texture": "#3"}
			}
		},
		{
			"name": "hexadecagon",
			"from": [-4.5, 4.11359, 7.1875],
			"to": [-1.5, 4.51141, 9.1875],
			"rotation": {"angle": 0, "axis": "y", "origin": [-3, 4.3125, 8.1875]},
			"faces": {
				"north": {"uv": [0, 0, 16, 16], "rotation": 180, "texture": "#3"},
				"east": {"uv": [0, 0, 16, 16], "rotation": 180, "texture": "#3"},
				"south": {"uv": [0, 0, 16, 16], "rotation": 180, "texture": "#3"},
				"west": {"uv": [0, 0, 16, 16], "rotation": 180, "texture": "#3"},
				"up": {"uv": [0, 0, 16, 16], "rotation": 180, "texture": "#3"},
				"down": {"uv": [0, 0, 16, 16], "rotation": 180, "texture": "#3"}
			}
		},
		{
			"name": "hexadecagon",
			"from": [-4.5, 4.11359, 7.1875],
			"to": [-1.5, 4.51141, 9.1875],
			"rotation": {"angle": -22.5, "axis": "x", "origin": [-3, 4.3125, 8.1875]},
			"faces": {
				"north": {"uv": [0, 0, 16, 16], "rotation": 180, "texture": "#3"},
				"east": {"uv": [0, 0, 16, 16], "rotation": 180, "texture": "#3"},
				"south": {"uv": [0, 0, 16, 16], "rotation": 180, "texture": "#3"},
				"west": {"uv": [0, 0, 16, 16], "rotation": 180, "texture": "#3"},
				"up": {"uv": [0, 0, 16, 16], "rotation": 180, "texture": "#3"},
				"down": {"uv": [0, 0, 16, 16], "rotation": 180, "texture": "#3"}
			}
		},
		{
			"name": "hexadecagon",
			"from": [-4.6875, 3.4125, 8.00848],
			"to": [-4.4375, 5.2125, 8.36652],
			"rotation": {"angle": 45, "axis": "x", "origin": [-5.9375, 4.3125, 8.1875]},
			"faces": {
				"north": {"uv": [0, 0, 16, 16], "rotation": 180, "texture": "#3"},
				"east": {"uv": [0, 0, 16, 16], "rotation": 180, "texture": "#3"},
				"south": {"uv": [0, 0, 16, 16], "rotation": 180, "texture": "#3"},
				"west": {"uv": [0, 0, 16, 16], "rotation": 180, "texture": "#3"},
				"up": {"uv": [0, 0, 16, 16], "rotation": 180, "texture": "#3"},
				"down": {"uv": [0, 0, 16, 16], "rotation": 180, "texture": "#3"}
			}
		},
		{
			"name": "hexadecagon",
			"from": [-4.6875, 3.4125, 8.00848],
			"to": [-4.4375, 5.2125, 8.36652],
			"rotation": {"angle": 22.5, "axis": "x", "origin": [-5.9375, 4.3125, 8.1875]},
			"faces": {
				"north": {"uv": [0, 0, 16, 16], "rotation": 180, "texture": "#3"},
				"east": {"uv": [0, 0, 16, 16], "rotation": 180, "texture": "#3"},
				"south": {"uv": [0, 0, 16, 16], "rotation": 180, "texture": "#3"},
				"west": {"uv": [0, 0, 16, 16], "rotation": 180, "texture": "#3"},
				"up": {"uv": [0, 0, 16, 16], "rotation": 180, "texture": "#3"},
				"down": {"uv": [0, 0, 16, 16], "rotation": 180, "texture": "#3"}
			}
		},
		{
			"name": "hexadecagon",
			"from": [-4.6875, 3.4125, 8.00848],
			"to": [-4.4375, 5.2125, 8.36652],
			"rotation": {"angle": 0, "axis": "y", "origin": [-5.9375, 4.3125, 8.1875]},
			"faces": {
				"north": {"uv": [0, 0, 16, 16], "rotation": 180, "texture": "#3"},
				"east": {"uv": [0, 0, 16, 16], "rotation": 180, "texture": "#3"},
				"south": {"uv": [0, 0, 16, 16], "rotation": 180, "texture": "#3"},
				"west": {"uv": [0, 0, 16, 16], "rotation": 180, "texture": "#3"},
				"up": {"uv": [0, 0, 16, 16], "rotation": 180, "texture": "#3"},
				"down": {"uv": [0, 0, 16, 16], "rotation": 180, "texture": "#3"}
			}
		},
		{
			"name": "hexadecagon",
			"from": [-4.6875, 3.4125, 8.00848],
			"to": [-4.4375, 5.2125, 8.36652],
			"rotation": {"angle": -22.5, "axis": "x", "origin": [-5.9375, 4.3125, 8.1875]},
			"faces": {
				"north": {"uv": [0, 0, 16, 16], "rotation": 180, "texture": "#3"},
				"east": {"uv": [0, 0, 16, 16], "rotation": 180, "texture": "#3"},
				"south": {"uv": [0, 0, 16, 16], "rotation": 180, "texture": "#3"},
				"west": {"uv": [0, 0, 16, 16], "rotation": 180, "texture": "#3"},
				"up": {"uv": [0, 0, 16, 16], "rotation": 180, "texture": "#3"},
				"down": {"uv": [0, 0, 16, 16], "rotation": 180, "texture": "#3"}
			}
		},
		{
			"name": "hexadecagon",
			"from": [-4.6875, 3.4125, 8.00848],
			"to": [-4.4375, 5.2125, 8.36652],
			"rotation": {"angle": -45, "axis": "x", "origin": [-5.9375, 4.3125, 8.1875]},
			"faces": {
				"north": {"uv": [0, 0, 16, 16], "rotation": 180, "texture": "#3"},
				"east": {"uv": [0, 0, 16, 16], "rotation": 180, "texture": "#3"},
				"south": {"uv": [0, 0, 16, 16], "rotation": 180, "texture": "#3"},
				"west": {"uv": [0, 0, 16, 16], "rotation": 180, "texture": "#3"},
				"up": {"uv": [0, 0, 16, 16], "rotation": 180, "texture": "#3"},
				"down": {"uv": [0, 0, 16, 16], "rotation": 180, "texture": "#3"}
			}
		},
		{
			"name": "hexadecagon",
			"from": [-4.6875, 4.13348, 7.2875],
			"to": [-4.4375, 4.49152, 9.0875],
			"rotation": {"angle": 22.5, "axis": "x", "origin": [-5.9375, 4.3125, 8.1875]},
			"faces": {
				"north": {"uv": [0, 0, 16, 16], "rotation": 180, "texture": "#3"},
				"east": {"uv": [0, 0, 16, 16], "rotation": 180, "texture": "#3"},
				"south": {"uv": [0, 0, 16, 16], "rotation": 180, "texture": "#3"},
				"west": {"uv": [0, 0, 16, 16], "rotation": 180, "texture": "#3"},
				"up": {"uv": [0, 0, 16, 16], "rotation": 180, "texture": "#3"},
				"down": {"uv": [0, 0, 16, 16], "rotation": 180, "texture": "#3"}
			}
		},
		{
			"name": "hexadecagon",
			"from": [-4.6875, 4.13348, 7.2875],
			"to": [-4.4375, 4.49152, 9.0875],
			"rotation": {"angle": 0, "axis": "y", "origin": [-5.9375, 4.3125, 8.1875]},
			"faces": {
				"north": {"uv": [0, 0, 16, 16], "rotation": 180, "texture": "#3"},
				"east": {"uv": [0, 0, 16, 16], "rotation": 180, "texture": "#3"},
				"south": {"uv": [0, 0, 16, 16], "rotation": 180, "texture": "#3"},
				"west": {"uv": [0, 0, 16, 16], "rotation": 180, "texture": "#3"},
				"up": {"uv": [0, 0, 16, 16], "rotation": 180, "texture": "#3"},
				"down": {"uv": [0, 0, 16, 16], "rotation": 180, "texture": "#3"}
			}
		},
		{
			"name": "hexadecagon",
			"from": [-4.6875, 4.13348, 7.2875],
			"to": [-4.4375, 4.49152, 9.0875],
			"rotation": {"angle": -22.5, "axis": "x", "origin": [-5.9375, 4.3125, 8.1875]},
			"faces": {
				"north": {"uv": [0, 0, 16, 16], "rotation": 180, "texture": "#3"},
				"east": {"uv": [0, 0, 16, 16], "rotation": 180, "texture": "#3"},
				"south": {"uv": [0, 0, 16, 16], "rotation": 180, "texture": "#3"},
				"west": {"uv": [0, 0, 16, 16], "rotation": 180, "texture": "#3"},
				"up": {"uv": [0, 0, 16, 16], "rotation": 180, "texture": "#3"},
				"down": {"uv": [0, 0, 16, 16], "rotation": 180, "texture": "#3"}
			}
		},
		{
			"name": "hexadecagon",
			"from": [-4.875, 3.5625, 8.03832],
			"to": [-4.625, 5.0625, 8.33668],
			"rotation": {"angle": 45, "axis": "x", "origin": [-5.125, 4.3125, 8.1875]},
			"faces": {
				"north": {"uv": [0, 0, 16, 16], "rotation": 180, "texture": "#3"},
				"east": {"uv": [0, 0, 16, 16], "rotation": 180, "texture": "#3"},
				"south": {"uv": [0, 0, 16, 16], "rotation": 180, "texture": "#3"},
				"west": {"uv": [0, 0, 16, 16], "rotation": 180, "texture": "#3"},
				"up": {"uv": [0, 0, 16, 16], "rotation": 180, "texture": "#3"},
				"down": {"uv": [0, 0, 16, 16], "rotation": 180, "texture": "#3"}
			}
		},
		{
			"name": "hexadecagon",
			"from": [-4.875, 3.5625, 8.03832],
			"to": [-4.625, 5.0625, 8.33668],
			"rotation": {"angle": 22.5, "axis": "x", "origin": [-5.125, 4.3125, 8.1875]},
			"faces": {
				"north": {"uv": [0, 0, 16, 16], "rotation": 180, "texture": "#3"},
				"east": {"uv": [0, 0, 16, 16], "rotation": 180, "texture": "#3"},
				"south": {"uv": [0, 0, 16, 16], "rotation": 180, "texture": "#3"},
				"west": {"uv": [0, 0, 16, 16], "rotation": 180, "texture": "#3"},
				"up": {"uv": [0, 0, 16, 16], "rotation": 180, "texture": "#3"},
				"down": {"uv": [0, 0, 16, 16], "rotation": 180, "texture": "#3"}
			}
		},
		{
			"name": "hexadecagon",
			"from": [-4.875, 3.5625, 8.03832],
			"to": [-4.625, 5.0625, 8.33668],
			"rotation": {"angle": 0, "axis": "y", "origin": [-5.125, 4.3125, 8.1875]},
			"faces": {
				"north": {"uv": [0, 0, 16, 16], "rotation": 180, "texture": "#3"},
				"east": {"uv": [0, 0, 16, 16], "rotation": 180, "texture": "#3"},
				"south": {"uv": [0, 0, 16, 16], "rotation": 180, "texture": "#3"},
				"west": {"uv": [0, 0, 16, 16], "rotation": 180, "texture": "#3"},
				"up": {"uv": [0, 0, 16, 16], "rotation": 180, "texture": "#3"},
				"down": {"uv": [0, 0, 16, 16], "rotation": 180, "texture": "#3"}
			}
		},
		{
			"name": "hexadecagon",
			"from": [-4.875, 3.5625, 8.03832],
			"to": [-4.625, 5.0625, 8.33668],
			"rotation": {"angle": -22.5, "axis": "x", "origin": [-5.125, 4.3125, 8.1875]},
			"faces": {
				"north": {"uv": [0, 0, 16, 16], "rotation": 180, "texture": "#3"},
				"east": {"uv": [0, 0, 16, 16], "rotation": 180, "texture": "#3"},
				"south": {"uv": [0, 0, 16, 16], "rotation": 180, "texture": "#3"},
				"west": {"uv": [0, 0, 16, 16], "rotation": 180, "texture": "#3"},
				"up": {"uv": [0, 0, 16, 16], "rotation": 180, "texture": "#3"},
				"down": {"uv": [0, 0, 16, 16], "rotation": 180, "texture": "#3"}
			}
		},
		{
			"name": "hexadecagon",
			"from": [-4.875, 3.5625, 8.03832],
			"to": [-4.625, 5.0625, 8.33668],
			"rotation": {"angle": -45, "axis": "x", "origin": [-5.125, 4.3125, 8.1875]},
			"faces": {
				"north": {"uv": [0, 0, 16, 16], "rotation": 180, "texture": "#3"},
				"east": {"uv": [0, 0, 16, 16], "rotation": 180, "texture": "#3"},
				"south": {"uv": [0, 0, 16, 16], "rotation": 180, "texture": "#3"},
				"west": {"uv": [0, 0, 16, 16], "rotation": 180, "texture": "#3"},
				"up": {"uv": [0, 0, 16, 16], "rotation": 180, "texture": "#3"},
				"down": {"uv": [0, 0, 16, 16], "rotation": 180, "texture": "#3"}
			}
		},
		{
			"name": "hexadecagon",
			"from": [-4.875, 4.16332, 7.4375],
			"to": [-4.625, 4.46168, 8.9375],
			"rotation": {"angle": 22.5, "axis": "x", "origin": [-5.125, 4.3125, 8.1875]},
			"faces": {
				"north": {"uv": [0, 0, 16, 16], "rotation": 180, "texture": "#3"},
				"east": {"uv": [0, 0, 16, 16], "rotation": 180, "texture": "#3"},
				"south": {"uv": [0, 0, 16, 16], "rotation": 180, "texture": "#3"},
				"west": {"uv": [0, 0, 16, 16], "rotation": 180, "texture": "#3"},
				"up": {"uv": [0, 0, 16, 16], "rotation": 180, "texture": "#3"},
				"down": {"uv": [0, 0, 16, 16], "rotation": 180, "texture": "#3"}
			}
		},
		{
			"name": "hexadecagon",
			"from": [-4.875, 4.16332, 7.4375],
			"to": [-4.625, 4.46168, 8.9375],
			"rotation": {"angle": 0, "axis": "y", "origin": [-5.125, 4.3125, 8.1875]},
			"faces": {
				"north": {"uv": [0, 0, 16, 16], "rotation": 180, "texture": "#3"},
				"east": {"uv": [0, 0, 16, 16], "rotation": 180, "texture": "#3"},
				"south": {"uv": [0, 0, 16, 16], "rotation": 180, "texture": "#3"},
				"west": {"uv": [0, 0, 16, 16], "rotation": 180, "texture": "#3"},
				"up": {"uv": [0, 0, 16, 16], "rotation": 180, "texture": "#3"},
				"down": {"uv": [0, 0, 16, 16], "rotation": 180, "texture": "#3"}
			}
		},
		{
			"name": "hexadecagon",
			"from": [-4.875, 4.16332, 7.4375],
			"to": [-4.625, 4.46168, 8.9375],
			"rotation": {"angle": -22.5, "axis": "x", "origin": [-5.125, 4.3125, 8.1875]},
			"faces": {
				"north": {"uv": [0, 0, 16, 16], "rotation": 180, "texture": "#3"},
				"east": {"uv": [0, 0, 16, 16], "rotation": 180, "texture": "#3"},
				"south": {"uv": [0, 0, 16, 16], "rotation": 180, "texture": "#3"},
				"west": {"uv": [0, 0, 16, 16], "rotation": 180, "texture": "#3"},
				"up": {"uv": [0, 0, 16, 16], "rotation": 180, "texture": "#3"},
				"down": {"uv": [0, 0, 16, 16], "rotation": 180, "texture": "#3"}
			}
		},
		{
			"name": "hexadecagon",
			"from": [-5.0375, 3.8125, 8.08804],
			"to": [-4.8375, 4.8125, 8.28696],
			"rotation": {"angle": 45, "axis": "x", "origin": [-4.9375, 4.3125, 8.1875]},
			"faces": {
				"north": {"uv": [0, 0, 16, 16], "rotation": 180, "texture": "#3"},
				"east": {"uv": [0, 0, 16, 16], "rotation": 180, "texture": "#3"},
				"south": {"uv": [0, 0, 16, 16], "rotation": 180, "texture": "#3"},
				"west": {"uv": [0, 0, 16, 16], "rotation": 180, "texture": "#3"},
				"up": {"uv": [0, 0, 16, 16], "rotation": 180, "texture": "#3"},
				"down": {"uv": [0, 0, 16, 16], "rotation": 180, "texture": "#3"}
			}
		},
		{
			"name": "hexadecagon",
			"from": [-5.0375, 3.8125, 8.08804],
			"to": [-4.8375, 4.8125, 8.28696],
			"rotation": {"angle": 22.5, "axis": "x", "origin": [-4.9375, 4.3125, 8.1875]},
			"faces": {
				"north": {"uv": [0, 0, 16, 16], "rotation": 180, "texture": "#3"},
				"east": {"uv": [0, 0, 16, 16], "rotation": 180, "texture": "#3"},
				"south": {"uv": [0, 0, 16, 16], "rotation": 180, "texture": "#3"},
				"west": {"uv": [0, 0, 16, 16], "rotation": 180, "texture": "#3"},
				"up": {"uv": [0, 0, 16, 16], "rotation": 180, "texture": "#3"},
				"down": {"uv": [0, 0, 16, 16], "rotation": 180, "texture": "#3"}
			}
		},
		{
			"name": "hexadecagon",
			"from": [-5.0375, 3.8125, 8.08804],
			"to": [-4.8375, 4.8125, 8.28696],
			"rotation": {"angle": 0, "axis": "y", "origin": [-4.9375, 4.3125, 8.1875]},
			"faces": {
				"north": {"uv": [0, 0, 16, 16], "rotation": 180, "texture": "#3"},
				"east": {"uv": [0, 0, 16, 16], "rotation": 180, "texture": "#3"},
				"south": {"uv": [0, 0, 16, 16], "rotation": 180, "texture": "#3"},
				"west": {"uv": [0, 0, 16, 16], "rotation": 180, "texture": "#3"},
				"up": {"uv": [0, 0, 16, 16], "rotation": 180, "texture": "#3"},
				"down": {"uv": [0, 0, 16, 16], "rotation": 180, "texture": "#3"}
			}
		},
		{
			"name": "hexadecagon",
			"from": [-5.0375, 3.8125, 8.08804],
			"to": [-4.8375, 4.8125, 8.28696],
			"rotation": {"angle": -22.5, "axis": "x", "origin": [-4.9375, 4.3125, 8.1875]},
			"faces": {
				"north": {"uv": [0, 0, 16, 16], "rotation": 180, "texture": "#3"},
				"east": {"uv": [0, 0, 16, 16], "rotation": 180, "texture": "#3"},
				"south": {"uv": [0, 0, 16, 16], "rotation": 180, "texture": "#3"},
				"west": {"uv": [0, 0, 16, 16], "rotation": 180, "texture": "#3"},
				"up": {"uv": [0, 0, 16, 16], "rotation": 180, "texture": "#3"},
				"down": {"uv": [0, 0, 16, 16], "rotation": 180, "texture": "#3"}
			}
		},
		{
			"name": "hexadecagon",
			"from": [-5.0375, 3.8125, 8.08804],
			"to": [-4.8375, 4.8125, 8.28696],
			"rotation": {"angle": -45, "axis": "x", "origin": [-4.9375, 4.3125, 8.1875]},
			"faces": {
				"north": {"uv": [0, 0, 16, 16], "rotation": 180, "texture": "#3"},
				"east": {"uv": [0, 0, 16, 16], "rotation": 180, "texture": "#3"},
				"south": {"uv": [0, 0, 16, 16], "rotation": 180, "texture": "#3"},
				"west": {"uv": [0, 0, 16, 16], "rotation": 180, "texture": "#3"},
				"up": {"uv": [0, 0, 16, 16], "rotation": 180, "texture": "#3"},
				"down": {"uv": [0, 0, 16, 16], "rotation": 180, "texture": "#3"}
			}
		},
		{
			"name": "hexadecagon",
			"from": [-5.0375, 4.21304, 7.6875],
			"to": [-4.8375, 4.41196, 8.6875],
			"rotation": {"angle": 22.5, "axis": "x", "origin": [-4.9375, 4.3125, 8.1875]},
			"faces": {
				"north": {"uv": [0, 0, 16, 16], "rotation": 180, "texture": "#3"},
				"east": {"uv": [0, 0, 16, 16], "rotation": 180, "texture": "#3"},
				"south": {"uv": [0, 0, 16, 16], "rotation": 180, "texture": "#3"},
				"west": {"uv": [0, 0, 16, 16], "rotation": 180, "texture": "#3"},
				"up": {"uv": [0, 0, 16, 16], "rotation": 180, "texture": "#3"},
				"down": {"uv": [0, 0, 16, 16], "rotation": 180, "texture": "#3"}
			}
		},
		{
			"name": "hexadecagon",
			"from": [-5.0375, 4.21304, 7.6875],
			"to": [-4.8375, 4.41196, 8.6875],
			"rotation": {"angle": 0, "axis": "y", "origin": [-4.9375, 4.3125, 8.1875]},
			"faces": {
				"north": {"uv": [0, 0, 16, 16], "rotation": 180, "texture": "#3"},
				"east": {"uv": [0, 0, 16, 16], "rotation": 180, "texture": "#3"},
				"south": {"uv": [0, 0, 16, 16], "rotation": 180, "texture": "#3"},
				"west": {"uv": [0, 0, 16, 16], "rotation": 180, "texture": "#3"},
				"up": {"uv": [0, 0, 16, 16], "rotation": 180, "texture": "#3"},
				"down": {"uv": [0, 0, 16, 16], "rotation": 180, "texture": "#3"}
			}
		},
		{
			"name": "hexadecagon",
			"from": [-5.725, 4.26277, 7.9375],
			"to": [-5.025, 4.36223, 8.4375],
			"rotation": {"angle": 0, "axis": "y", "origin": [-5.125, 4.3125, 8.1875]},
			"faces": {
				"north": {"uv": [0, 0, 16, 16], "rotation": 180, "texture": "#0"},
				"east": {"uv": [0, 0, 16, 16], "rotation": 180, "texture": "#0"},
				"south": {"uv": [0, 0, 16, 16], "rotation": 180, "texture": "#0"},
				"west": {"uv": [0, 0, 16, 16], "rotation": 180, "texture": "#0"},
				"up": {"uv": [0, 0, 16, 16], "rotation": 180, "texture": "#0"},
				"down": {"uv": [0, 0, 16, 16], "rotation": 180, "texture": "#0"}
			}
		},
		{
			"name": "hexadecagon",
			"from": [-5.725, 4.26277, 7.9375],
			"to": [-5.025, 4.36223, 8.4375],
			"rotation": {"angle": -22.5, "axis": "x", "origin": [-5.125, 4.3125, 8.1875]},
			"faces": {
				"north": {"uv": [0, 0, 16, 16], "rotation": 180, "texture": "#0"},
				"east": {"uv": [0, 0, 16, 16], "rotation": 180, "texture": "#0"},
				"south": {"uv": [0, 0, 16, 16], "rotation": 180, "texture": "#0"},
				"west": {"uv": [0, 0, 16, 16], "rotation": 180, "texture": "#0"},
				"up": {"uv": [0, 0, 16, 16], "rotation": 180, "texture": "#0"},
				"down": {"uv": [0, 0, 16, 16], "rotation": 180, "texture": "#0"}
			}
		},
		{
			"name": "hexadecagon",
			"from": [-5.725, 4.26277, 7.9375],
			"to": [-5.025, 4.36223, 8.4375],
			"rotation": {"angle": 22.5, "axis": "x", "origin": [-5.125, 4.3125, 8.1875]},
			"faces": {
				"north": {"uv": [0, 0, 16, 16], "rotation": 180, "texture": "#0"},
				"east": {"uv": [0, 0, 16, 16], "rotation": 180, "texture": "#0"},
				"south": {"uv": [0, 0, 16, 16], "rotation": 180, "texture": "#0"},
				"west": {"uv": [0, 0, 16, 16], "rotation": 180, "texture": "#0"},
				"up": {"uv": [0, 0, 16, 16], "rotation": 180, "texture": "#0"},
				"down": {"uv": [0, 0, 16, 16], "rotation": 180, "texture": "#0"}
			}
		},
		{
			"name": "hexadecagon",
			"from": [-5.725, 4.0625, 8.13777],
			"to": [-5.025, 4.5625, 8.23723],
			"rotation": {"angle": -45, "axis": "x", "origin": [-5.125, 4.3125, 8.1875]},
			"faces": {
				"north": {"uv": [0, 0, 16, 16], "rotation": 180, "texture": "#0"},
				"east": {"uv": [0, 0, 16, 16], "rotation": 180, "texture": "#0"},
				"south": {"uv": [0, 0, 16, 16], "rotation": 180, "texture": "#0"},
				"west": {"uv": [0, 0, 16, 16], "rotation": 180, "texture": "#0"},
				"up": {"uv": [0, 0, 16, 16], "rotation": 180, "texture": "#0"},
				"down": {"uv": [0, 0, 16, 16], "rotation": 180, "texture": "#0"}
			}
		},
		{
			"name": "hexadecagon",
			"from": [-5.725, 4.0625, 8.13777],
			"to": [-5.025, 4.5625, 8.23723],
			"rotation": {"angle": -22.5, "axis": "x", "origin": [-5.125, 4.3125, 8.1875]},
			"faces": {
				"north": {"uv": [0, 0, 16, 16], "rotation": 180, "texture": "#0"},
				"east": {"uv": [0, 0, 16, 16], "rotation": 180, "texture": "#0"},
				"south": {"uv": [0, 0, 16, 16], "rotation": 180, "texture": "#0"},
				"west": {"uv": [0, 0, 16, 16], "rotation": 180, "texture": "#0"},
				"up": {"uv": [0, 0, 16, 16], "rotation": 180, "texture": "#0"},
				"down": {"uv": [0, 0, 16, 16], "rotation": 180, "texture": "#0"}
			}
		},
		{
			"name": "hexadecagon",
			"from": [-5.725, 4.0625, 8.13777],
			"to": [-5.025, 4.5625, 8.23723],
			"rotation": {"angle": 0, "axis": "y", "origin": [-5.125, 4.3125, 8.1875]},
			"faces": {
				"north": {"uv": [0, 0, 16, 16], "rotation": 180, "texture": "#0"},
				"east": {"uv": [0, 0, 16, 16], "rotation": 180, "texture": "#0"},
				"south": {"uv": [0, 0, 16, 16], "rotation": 180, "texture": "#0"},
				"west": {"uv": [0, 0, 16, 16], "rotation": 180, "texture": "#0"},
				"up": {"uv": [0, 0, 16, 16], "rotation": 180, "texture": "#0"},
				"down": {"uv": [0, 0, 16, 16], "rotation": 180, "texture": "#0"}
			}
		},
		{
			"name": "hexadecagon",
			"from": [-5.725, 4.0625, 8.13777],
			"to": [-5.025, 4.5625, 8.23723],
			"rotation": {"angle": 22.5, "axis": "x", "origin": [-5.125, 4.3125, 8.1875]},
			"faces": {
				"north": {"uv": [0, 0, 16, 16], "rotation": 180, "texture": "#0"},
				"east": {"uv": [0, 0, 16, 16], "rotation": 180, "texture": "#0"},
				"south": {"uv": [0, 0, 16, 16], "rotation": 180, "texture": "#0"},
				"west": {"uv": [0, 0, 16, 16], "rotation": 180, "texture": "#0"},
				"up": {"uv": [0, 0, 16, 16], "rotation": 180, "texture": "#0"},
				"down": {"uv": [0, 0, 16, 16], "rotation": 180, "texture": "#0"}
			}
		},
		{
			"name": "hexadecagon",
			"from": [-5.725, 4.0625, 8.13777],
			"to": [-5.025, 4.5625, 8.23723],
			"rotation": {"angle": 45, "axis": "x", "origin": [-5.125, 4.3125, 8.1875]},
			"faces": {
				"north": {"uv": [0, 0, 16, 16], "rotation": 180, "texture": "#0"},
				"east": {"uv": [0, 0, 16, 16], "rotation": 180, "texture": "#0"},
				"south": {"uv": [0, 0, 16, 16], "rotation": 180, "texture": "#0"},
				"west": {"uv": [0, 0, 16, 16], "rotation": 180, "texture": "#0"},
				"up": {"uv": [0, 0, 16, 16], "rotation": 180, "texture": "#0"},
				"down": {"uv": [0, 0, 16, 16], "rotation": 180, "texture": "#0"}
			}
		},
		{
			"name": "hexadecagon",
			"from": [-2.0625, 4.5625, 8.61359],
			"to": [-0.9375, 5.4375, 9.01141],
			"rotation": {"angle": 45, "axis": "x", "origin": [-1.375, 4.9375, 8.8125]},
			"faces": {
				"north": {"uv": [0, 0, 16, 16], "texture": "#3_2"},
				"east": {"uv": [0, 0, 16, 16], "texture": "#3_2"},
				"south": {"uv": [0, 0, 16, 16], "texture": "#3_2"},
				"west": {"uv": [0, 0, 16, 16], "texture": "#3_2"},
				"up": {"uv": [0, 0, 16, 16], "texture": "#3_2"},
				"down": {"uv": [0, 0, 16, 16], "texture": "#3_2"}
			}
		},
		{
			"name": "hexadecagon",
			"from": [-2.0625, 3.48859, 8.3125],
			"to": [-0.9375, 3.88641, 9.1875],
			"rotation": {"angle": 45, "axis": "x", "origin": [-1.375, 3.6875, 8.8125]},
			"faces": {
				"north": {"uv": [0, 0, 16, 16], "rotation": 90, "texture": "#3_2"},
				"east": {"uv": [0, 0, 16, 16], "rotation": 90, "texture": "#3_2"},
				"south": {"uv": [0, 0, 16, 16], "rotation": 90, "texture": "#3_2"},
				"west": {"uv": [0, 0, 16, 16], "rotation": 90, "texture": "#3_2"},
				"up": {"uv": [0, 0, 16, 16], "rotation": 90, "texture": "#3_2"},
				"down": {"uv": [0, 0, 16, 16], "rotation": 90, "texture": "#3_2"}
			}
		},
		{
			"name": "hexadecagon",
			"from": [-2.0625, 4.73859, 7.125],
			"to": [-0.9375, 5.13641, 8],
			"rotation": {"angle": 45, "axis": "x", "origin": [-1.375, 4.9375, 7.5]},
			"faces": {
				"north": {"uv": [0, 0, 16, 16], "rotation": 270, "texture": "#3_2"},
				"east": {"uv": [0, 0, 16, 16], "rotation": 270, "texture": "#3_2"},
				"south": {"uv": [0, 0, 16, 16], "rotation": 270, "texture": "#3_2"},
				"west": {"uv": [0, 0, 16, 16], "rotation": 270, "texture": "#3_2"},
				"up": {"uv": [0, 0, 16, 16], "rotation": 270, "texture": "#3_2"},
				"down": {"uv": [0, 0, 16, 16], "rotation": 270, "texture": "#3_2"}
			}
		},
		{
			"name": "hexadecagon",
			"from": [-2.0625, 3.1875, 7.36359],
			"to": [-0.9375, 4.0625, 7.76141],
			"rotation": {"angle": 45, "axis": "x", "origin": [-1.375, 3.6875, 7.5625]},
			"faces": {
				"north": {"uv": [0, 0, 16, 16], "rotation": 180, "texture": "#3_2"},
				"east": {"uv": [0, 0, 16, 16], "rotation": 180, "texture": "#3_2"},
				"south": {"uv": [0, 0, 16, 16], "rotation": 180, "texture": "#3_2"},
				"west": {"uv": [0, 0, 16, 16], "rotation": 180, "texture": "#3_2"},
				"up": {"uv": [0, 0, 16, 16], "rotation": 180, "texture": "#3_2"},
				"down": {"uv": [0, 0, 16, 16], "rotation": 180, "texture": "#3_2"}
			}
		},
		{
			"name": "hexadecagon",
			"from": [-3.5, 4.0625, 7.98859],
			"to": [-0.5, 4.625, 8.38641],
			"rotation": {"angle": 45, "axis": "x", "origin": [-2, 4.3125, 8.1875]},
			"faces": {
				"north": {"uv": [0, 0, 0.125, 0.125], "rotation": 90, "texture": "#missing"},
				"east": {"uv": [0, 0, 0.125, 0.125], "rotation": 180, "texture": "#missing"},
				"south": {"uv": [0, 0, 0.125, 0.125], "rotation": 270, "texture": "#missing"},
				"west": {"uv": [0, 0, 0.125, 0.125], "texture": "#missing"},
				"up": {"uv": [0, 0, 0.125, 0.125], "rotation": 270, "texture": "#missing"},
				"down": {"uv": [0, 0, 0.125, 0.125], "rotation": 270, "texture": "#missing"}
			}
		}
	],
	"display": {
		"thirdperson_righthand": {
			"rotation": [86.25, -93, 17.25],
			"translation": [2.25, 5.5, 17],
			"scale": [2, 2, 2]
		},
		"thirdperson_lefthand": {
			"rotation": [72, 88, 0],
			"translation": [0.75, 6.25, 16],
			"scale": [2, 2, 2]
		},
		"firstperson_righthand": {
			"rotation": [0, -109, 0],
			"translation": [-2.25, 14, 2.5],
			"scale": [1, 2.42, 2.44]
		},
		"firstperson_lefthand": {
			"rotation": [0, 62, 0],
			"translation": [-4, 13, 5],
			"scale": [1, 2, 2]
		},
		"ground": {
			"scale": [2, 2, 2]
		},
		"gui": {
			"rotation": [3, -180, -44],
			"translation": [-9, 4.5, 0],
			"scale": [2, 2, 2]
		},
		"head": {
			"translation": [0, 13.25, 0],
			"scale": [2, 2, 2]
		},
		"fixed": {
			"translation": [0, 7.75, -2.5],
			"scale": [2, 2, 2]
		}
	},
	"groups": [
		{
			"name": "atomic_bomb",
			"origin": [8, 8, 8],
			"children": []
		},
		{
			"name": "rocket_launcher",
			"origin": [8, 8, 8],
			"children": [
				{
					"name": "main_body",
					"origin": [8, 12, 16],
					"children": [0, 1, 2, 3, 4, 5, 6, 7, 8]
				},
				{
					"name": "trigger",
					"origin": [15.6875, 9.375, 16.0625],
					"children": [9, 10, 11, 12, 13, 14]
				},
				{
					"name": "group",
					"origin": [15.75, 3.59375, 8.21875],
					"children": [15, 16, 17, 18]
				},
				{
					"name": "main_body_back",
					"origin": [8, 12, 16],
					"children": [19, 20, 21, 22, 23, 24, 25, 26, 27]
				},
				{
					"name": "main_body_front",
					"origin": [8, 12, 16],
					"children": [28, 29, 30, 31, 32, 33, 34, 35]
				}, 36, 37, 38, 39]
		},
		{
			"name": "atomic_bomb",
			"origin": [8.625, 6.375, 7.375],
			"children": [
				{
					"name": "group",
					"origin": [-4.9375, 4.3125, 8.1875],
					"children": [40, 41, 42, 43, 44, 45, 46, 47, 48, 49, 50, 51, 52, 53, 54, 55, 56, 57, 58, 59, 60, 61, 62, 63, 64, 65, 66, 67, 68, 69, 70, 71]
				},
				{
					"name": "group",
					"origin": [-5.125, 4.3125, 8.1875],
					"children": [72, 73, 74, 75, 76, 77, 78, 79]
				},
				{
					"name": "group",
					"origin": [-1.375, 3.6875, 7.5625],
					"children": [80, 81, 82, 83]
				}
			]
		}, 84]
}