{
	"credit": "Made with Blockbench",
	"textures": {
		"0": "nuclear_craft:item/iron_texture2",
		"1": "nuclear_craft:item/iron_texture",
		"2": "nuclear_craft:item/iron_texture7",
		"particle": "nuclear_craft:item/iron_texture2"
	},
	"elements": [
		{
			"name": "hexadecagon",
			"from": [6.4087, -8, 0],
			"to": [9.5913, 20.0625, 16],
			"rotation": {"angle": -45, "axis": "y", "origin": [8, 0.5, 8]},
			"faces": {
				"north": {"uv": [0, 0, 16, 16], "texture": "#2"},
				"east": {"uv": [0, 0, 16, 16], "texture": "#2"},
				"south": {"uv": [0, 0, 16, 16], "texture": "#2"},
				"west": {"uv": [0, 0, 16, 16], "texture": "#2"},
				"up": {"uv": [0, 0, 16, 16], "texture": "#2"},
				"down": {"uv": [0, 0, 16, 16], "texture": "#2"}
			}
		},
		{
			"name": "hexadecagon",
			"from": [6.4087, -8, 0],
			"to": [9.5913, 20.0625, 16],
			"rotation": {"angle": -22.5, "axis": "y", "origin": [8, 0.5, 8]},
			"faces": {
				"north": {"uv": [0, 0, 16, 16], "texture": "#2"},
				"east": {"uv": [0, 0, 16, 16], "texture": "#2"},
				"south": {"uv": [0, 0, 16, 16], "texture": "#2"},
				"west": {"uv": [0, 0, 16, 16], "texture": "#2"},
				"up": {"uv": [0, 0, 16, 16], "texture": "#2"},
				"down": {"uv": [0, 0, 16, 16], "texture": "#2"}
			}
		},
		{
			"name": "hexadecagon",
			"from": [6.4087, -8, 0],
			"to": [9.5913, 20.0625, 16],
			"rotation": {"angle": 22.5, "axis": "y", "origin": [8, 0.5, 8]},
			"faces": {
				"north": {"uv": [0, 0, 16, 16], "texture": "#2"},
				"east": {"uv": [0, 0, 16, 16], "texture": "#2"},
				"south": {"uv": [0, 0, 16, 16], "texture": "#2"},
				"west": {"uv": [0, 0, 16, 16], "texture": "#2"},
				"up": {"uv": [0, 0, 16, 16], "texture": "#2"},
				"down": {"uv": [0, 0, 16, 16], "texture": "#2"}
			}
		},
		{
			"name": "hexadecagon",
			"from": [6.4087, -8, 0],
			"to": [9.5913, 20.0625, 16],
			"rotation": {"angle": 45, "axis": "y", "origin": [8, 0.5, 8]},
			"faces": {
				"north": {"uv": [0, 0, 16, 16], "texture": "#2"},
				"east": {"uv": [0, 0, 16, 16], "texture": "#2"},
				"south": {"uv": [0, 0, 16, 16], "texture": "#2"},
				"west": {"uv": [0, 0, 16, 16], "texture": "#2"},
				"up": {"uv": [0, 0, 16, 16], "texture": "#2"},
				"down": {"uv": [0, 0, 16, 16], "texture": "#2"}
			}
		},
		{
			"name": "hexadecagon",
			"from": [0, -8, 6.4087],
			"to": [16, 20.0625, 9.5913],
			"rotation": {"angle": -22.5, "axis": "y", "origin": [8, 0.5, 8]},
			"faces": {
				"north": {"uv": [0, 0, 16, 16], "texture": "#2"},
				"east": {"uv": [0, 0, 16, 16], "texture": "#2"},
				"south": {"uv": [0, 0, 16, 16], "texture": "#2"},
				"west": {"uv": [0, 0, 16, 16], "texture": "#2"},
				"up": {"uv": [0, 0, 16, 16], "texture": "#2"},
				"down": {"uv": [0, 0, 16, 16], "texture": "#2"}
			}
		},
		{
			"name": "hexadecagon",
			"from": [0, -8, 6.4087],
			"to": [16, 20.0625, 9.5913],
			"rotation": {"angle": 22.5, "axis": "y", "origin": [8, 0.5, 8]},
			"faces": {
				"north": {"uv": [0, 0, 16, 16], "texture": "#2"},
				"east": {"uv": [0, 0, 16, 16], "texture": "#2"},
				"south": {"uv": [0, 0, 16, 16], "texture": "#2"},
				"west": {"uv": [0, 0, 16, 16], "texture": "#2"},
				"up": {"uv": [0, 0, 16, 16], "texture": "#2"},
				"down": {"uv": [0, 0, 16, 16], "texture": "#2"}
			}
		},
		{
			"name": "hexadecagon",
			"from": [6.4087, -8, 0],
			"to": [9.5913, 20.0625, 16],
			"rotation": {"angle": 0, "axis": "y", "origin": [8, 0.5, 8]},
			"faces": {
				"north": {"uv": [0, 0, 16, 16], "texture": "#2"},
				"east": {"uv": [0, 0, 16, 16], "texture": "#2"},
				"south": {"uv": [0, 0, 16, 16], "texture": "#2"},
				"west": {"uv": [0, 0, 16, 16], "texture": "#2"},
				"up": {"uv": [0, 0, 16, 16], "texture": "#2"},
				"down": {"uv": [0, 0, 16, 16], "texture": "#2"}
			}
		},
		{
			"name": "hexadecagon",
			"from": [0, -8, 6.4087],
			"to": [16, 20.0625, 9.5913],
			"rotation": {"angle": 0, "axis": "y", "origin": [8, 0.5, 8]},
			"faces": {
				"north": {"uv": [0, 0, 16, 16], "texture": "#2"},
				"east": {"uv": [0, 0, 16, 16], "texture": "#2"},
				"south": {"uv": [0, 0, 16, 16], "texture": "#2"},
				"west": {"uv": [0, 0, 16, 16], "texture": "#2"},
				"up": {"uv": [0, 0, 16, 16], "texture": "#2"},
				"down": {"uv": [0, 0, 16, 16], "texture": "#2"}
			}
		},
		{
			"name": "hexadecagon",
			"from": [6.50816, 20, 0.5],
			"to": [9.49184, 21, 1.5],
			"rotation": {"angle": -45, "axis": "y", "origin": [8, 20.5, 8]},
			"faces": {
				"north": {"uv": [0, 0, 16, 16], "texture": "#2"},
				"east": {"uv": [0, 0, 16, 16], "texture": "#2"},
				"south": {"uv": [0, 0, 16, 16], "texture": "#2"},
				"west": {"uv": [0, 0, 16, 16], "texture": "#2"},
				"up": {"uv": [0, 0, 16, 16], "texture": "#2"},
				"down": {"uv": [0, 0, 16, 16], "texture": "#2"}
			}
		},
		{
			"name": "hexadecagon",
			"from": [6.50816, 20, 0.5],
			"to": [9.49184, 21, 1.5],
			"rotation": {"angle": -22.5, "axis": "y", "origin": [8, 20.5, 8]},
			"faces": {
				"north": {"uv": [0, 0, 16, 16], "texture": "#2"},
				"east": {"uv": [0, 0, 16, 16], "texture": "#2"},
				"south": {"uv": [0, 0, 16, 16], "texture": "#2"},
				"west": {"uv": [0, 0, 16, 16], "texture": "#2"},
				"up": {"uv": [0, 0, 16, 16], "texture": "#2"},
				"down": {"uv": [0, 0, 16, 16], "texture": "#2"}
			}
		},
		{
			"name": "hexadecagon",
			"from": [6.50816, 20, 0.5],
			"to": [9.49184, 21, 1.5],
			"rotation": {"angle": 0, "axis": "y", "origin": [8, 20.5, 8]},
			"faces": {
				"north": {"uv": [0, 0, 16, 16], "texture": "#2"},
				"east": {"uv": [0, 0, 16, 16], "texture": "#2"},
				"south": {"uv": [0, 0, 16, 16], "texture": "#2"},
				"west": {"uv": [0, 0, 16, 16], "texture": "#2"},
				"up": {"uv": [0, 0, 16, 16], "texture": "#2"},
				"down": {"uv": [0, 0, 16, 16], "texture": "#2"}
			}
		},
		{
			"name": "hexadecagon",
			"from": [6.50816, 20, 0.5],
			"to": [9.49184, 21, 1.5],
			"rotation": {"angle": 22.5, "axis": "y", "origin": [8, 20.5, 8]},
			"faces": {
				"north": {"uv": [0, 0, 16, 16], "texture": "#2"},
				"east": {"uv": [0, 0, 16, 16], "texture": "#2"},
				"south": {"uv": [0, 0, 16, 16], "texture": "#2"},
				"west": {"uv": [0, 0, 16, 16], "texture": "#2"},
				"up": {"uv": [0, 0, 16, 16], "texture": "#2"},
				"down": {"uv": [0, 0, 16, 16], "texture": "#2"}
			}
		},
		{
			"name": "hexadecagon",
			"from": [6.50816, 20, 0.5],
			"to": [9.49184, 21, 1.5],
			"rotation": {"angle": 45, "axis": "y", "origin": [8, 20.5, 8]},
			"faces": {
				"north": {"uv": [0, 0, 16, 16], "texture": "#2"},
				"east": {"uv": [0, 0, 16, 16], "texture": "#2"},
				"south": {"uv": [0, 0, 16, 16], "texture": "#2"},
				"west": {"uv": [0, 0, 16, 16], "texture": "#2"},
				"up": {"uv": [0, 0, 16, 16], "texture": "#2"},
				"down": {"uv": [0, 0, 16, 16], "texture": "#2"}
			}
		},
		{
			"name": "hexadecagon",
			"from": [6.50816, 20, 14.5],
			"to": [9.49184, 21, 15.5],
			"rotation": {"angle": -45, "axis": "y", "origin": [8, 20.5, 8]},
			"faces": {
				"north": {"uv": [0, 0, 16, 16], "texture": "#2"},
				"east": {"uv": [0, 0, 16, 16], "texture": "#2"},
				"south": {"uv": [0, 0, 16, 16], "texture": "#2"},
				"west": {"uv": [0, 0, 16, 16], "texture": "#2"},
				"up": {"uv": [0, 0, 16, 16], "texture": "#2"},
				"down": {"uv": [0, 0, 16, 16], "texture": "#2"}
			}
		},
		{
			"name": "hexadecagon",
			"from": [6.50816, 20, 14.5],
			"to": [9.49184, 21, 15.5],
			"rotation": {"angle": -22.5, "axis": "y", "origin": [8, 20.5, 8]},
			"faces": {
				"north": {"uv": [0, 0, 16, 16], "texture": "#2"},
				"east": {"uv": [0, 0, 16, 16], "texture": "#2"},
				"south": {"uv": [0, 0, 16, 16], "texture": "#2"},
				"west": {"uv": [0, 0, 16, 16], "texture": "#2"},
				"up": {"uv": [0, 0, 16, 16], "texture": "#2"},
				"down": {"uv": [0, 0, 16, 16], "texture": "#2"}
			}
		},
		{
			"name": "hexadecagon",
			"from": [6.50816, 20, 14.5],
			"to": [9.49184, 21, 15.5],
			"rotation": {"angle": 0, "axis": "y", "origin": [8, 20.5, 8]},
			"faces": {
				"north": {"uv": [0, 0, 16, 16], "texture": "#2"},
				"east": {"uv": [0, 0, 16, 16], "texture": "#2"},
				"south": {"uv": [0, 0, 16, 16], "texture": "#2"},
				"west": {"uv": [0, 0, 16, 16], "texture": "#2"},
				"up": {"uv": [0, 0, 16, 16], "texture": "#2"},
				"down": {"uv": [0, 0, 16, 16], "texture": "#2"}
			}
		},
		{
			"name": "hexadecagon",
			"from": [6.50816, 20, 14.5],
			"to": [9.49184, 21, 15.5],
			"rotation": {"angle": 22.5, "axis": "y", "origin": [8, 20.5, 8]},
			"faces": {
				"north": {"uv": [0, 0, 16, 16], "texture": "#2"},
				"east": {"uv": [0, 0, 16, 16], "texture": "#2"},
				"south": {"uv": [0, 0, 16, 16], "texture": "#2"},
				"west": {"uv": [0, 0, 16, 16], "texture": "#2"},
				"up": {"uv": [0, 0, 16, 16], "texture": "#2"},
				"down": {"uv": [0, 0, 16, 16], "texture": "#2"}
			}
		},
		{
			"name": "hexadecagon",
			"from": [6.50816, 20, 14.5],
			"to": [9.49184, 21, 15.5],
			"rotation": {"angle": 45, "axis": "y", "origin": [8, 20.5, 8]},
			"faces": {
				"north": {"uv": [0, 0, 16, 16], "texture": "#2"},
				"east": {"uv": [0, 0, 16, 16], "texture": "#2"},
				"south": {"uv": [0, 0, 16, 16], "texture": "#2"},
				"west": {"uv": [0, 0, 16, 16], "texture": "#2"},
				"up": {"uv": [0, 0, 16, 16], "texture": "#2"},
				"down": {"uv": [0, 0, 16, 16], "texture": "#2"}
			}
		},
		{
			"name": "hexadecagon",
			"from": [0.5, 20, 6.50816],
			"to": [1.5, 21, 9.49184],
			"rotation": {"angle": -22.5, "axis": "y", "origin": [8, 20.5, 8]},
			"faces": {
				"north": {"uv": [0, 0, 16, 16], "texture": "#2"},
				"east": {"uv": [0, 0, 16, 16], "texture": "#2"},
				"south": {"uv": [0, 0, 16, 16], "texture": "#2"},
				"west": {"uv": [0, 0, 16, 16], "texture": "#2"},
				"up": {"uv": [0, 0, 16, 16], "texture": "#2"},
				"down": {"uv": [0, 0, 16, 16], "texture": "#2"}
			}
		},
		{
			"name": "hexadecagon",
			"from": [0.5, 20, 6.50816],
			"to": [1.5, 21, 9.49184],
			"rotation": {"angle": 0, "axis": "y", "origin": [8, 20.5, 8]},
			"faces": {
				"north": {"uv": [0, 0, 16, 16], "texture": "#2"},
				"east": {"uv": [0, 0, 16, 16], "texture": "#2"},
				"south": {"uv": [0, 0, 16, 16], "texture": "#2"},
				"west": {"uv": [0, 0, 16, 16], "texture": "#2"},
				"up": {"uv": [0, 0, 16, 16], "texture": "#2"},
				"down": {"uv": [0, 0, 16, 16], "texture": "#2"}
			}
		},
		{
			"name": "hexadecagon",
			"from": [0.5, 20, 6.50816],
			"to": [1.5, 21, 9.49184],
			"rotation": {"angle": 22.5, "axis": "y", "origin": [8, 20.5, 8]},
			"faces": {
				"north": {"uv": [0, 0, 16, 16], "texture": "#2"},
				"east": {"uv": [0, 0, 16, 16], "texture": "#2"},
				"south": {"uv": [0, 0, 16, 16], "texture": "#2"},
				"west": {"uv": [0, 0, 16, 16], "texture": "#2"},
				"up": {"uv": [0, 0, 16, 16], "texture": "#2"},
				"down": {"uv": [0, 0, 16, 16], "texture": "#2"}
			}
		},
		{
			"name": "hexadecagon",
			"from": [14.5, 20, 6.50816],
			"to": [15.5, 21, 9.49184],
			"rotation": {"angle": -22.5, "axis": "y", "origin": [8, 20.5, 8]},
			"faces": {
				"north": {"uv": [0, 0, 16, 16], "texture": "#2"},
				"east": {"uv": [0, 0, 16, 16], "texture": "#2"},
				"south": {"uv": [0, 0, 16, 16], "texture": "#2"},
				"west": {"uv": [0, 0, 16, 16], "texture": "#2"},
				"up": {"uv": [0, 0, 16, 16], "texture": "#2"},
				"down": {"uv": [0, 0, 16, 16], "texture": "#2"}
			}
		},
		{
			"name": "hexadecagon",
			"from": [14.5, 20, 6.50816],
			"to": [15.5, 21, 9.49184],
			"rotation": {"angle": 0, "axis": "y", "origin": [8, 20.5, 8]},
			"faces": {
				"north": {"uv": [0, 0, 16, 16], "texture": "#2"},
				"east": {"uv": [0, 0, 16, 16], "texture": "#2"},
				"south": {"uv": [0, 0, 16, 16], "texture": "#2"},
				"west": {"uv": [0, 0, 16, 16], "texture": "#2"},
				"up": {"uv": [0, 0, 16, 16], "texture": "#2"},
				"down": {"uv": [0, 0, 16, 16], "texture": "#2"}
			}
		},
		{
			"name": "hexadecagon",
			"from": [14.5, 20, 6.50816],
			"to": [15.5, 21, 9.49184],
			"rotation": {"angle": 22.5, "axis": "y", "origin": [8, 20.5, 8]},
			"faces": {
				"north": {"uv": [0, 0, 16, 16], "texture": "#2"},
				"east": {"uv": [0, 0, 16, 16], "texture": "#2"},
				"south": {"uv": [0, 0, 16, 16], "texture": "#2"},
				"west": {"uv": [0, 0, 16, 16], "texture": "#2"},
				"up": {"uv": [0, 0, 16, 16], "texture": "#2"},
				"down": {"uv": [0, 0, 16, 16], "texture": "#2"}
			}
		},
		{
			"name": "hexadecagon",
			"from": [6.60761, 21.0625, 1],
			"to": [9.39239, 22.0625, 2],
			"rotation": {"angle": -45, "axis": "y", "origin": [8, 21.5625, 8]},
			"faces": {
				"north": {"uv": [0, 0, 16, 16], "texture": "#2"},
				"east": {"uv": [0, 0, 16, 16], "texture": "#2"},
				"south": {"uv": [0, 0, 16, 16], "texture": "#2"},
				"west": {"uv": [0, 0, 16, 16], "texture": "#2"},
				"up": {"uv": [0, 0, 16, 16], "texture": "#2"},
				"down": {"uv": [0, 0, 16, 16], "texture": "#2"}
			}
		},
		{
			"name": "hexadecagon",
			"from": [6.60761, 21.0625, 1],
			"to": [9.39239, 22.0625, 2],
			"rotation": {"angle": -22.5, "axis": "y", "origin": [8, 21.5625, 8]},
			"faces": {
				"north": {"uv": [0, 0, 16, 16], "texture": "#2"},
				"east": {"uv": [0, 0, 16, 16], "texture": "#2"},
				"south": {"uv": [0, 0, 16, 16], "texture": "#2"},
				"west": {"uv": [0, 0, 16, 16], "texture": "#2"},
				"up": {"uv": [0, 0, 16, 16], "texture": "#2"},
				"down": {"uv": [0, 0, 16, 16], "texture": "#2"}
			}
		},
		{
			"name": "hexadecagon",
			"from": [6.60761, 21.0625, 1],
			"to": [9.39239, 22.0625, 2],
			"rotation": {"angle": 0, "axis": "y", "origin": [8, 21.5625, 8]},
			"faces": {
				"north": {"uv": [0, 0, 16, 16], "texture": "#2"},
				"east": {"uv": [0, 0, 16, 16], "texture": "#2"},
				"south": {"uv": [0, 0, 16, 16], "texture": "#2"},
				"west": {"uv": [0, 0, 16, 16], "texture": "#2"},
				"up": {"uv": [0, 0, 16, 16], "texture": "#2"},
				"down": {"uv": [0, 0, 16, 16], "texture": "#2"}
			}
		},
		{
			"name": "hexadecagon",
			"from": [6.60761, 21.0625, 1],
			"to": [9.39239, 22.0625, 2],
			"rotation": {"angle": 22.5, "axis": "y", "origin": [8, 21.5625, 8]},
			"faces": {
				"north": {"uv": [0, 0, 16, 16], "texture": "#2"},
				"east": {"uv": [0, 0, 16, 16], "texture": "#2"},
				"south": {"uv": [0, 0, 16, 16], "texture": "#2"},
				"west": {"uv": [0, 0, 16, 16], "texture": "#2"},
				"up": {"uv": [0, 0, 16, 16], "texture": "#2"},
				"down": {"uv": [0, 0, 16, 16], "texture": "#2"}
			}
		},
		{
			"name": "hexadecagon",
			"from": [6.60761, 21.0625, 1],
			"to": [9.39239, 22.0625, 2],
			"rotation": {"angle": 45, "axis": "y", "origin": [8, 21.5625, 8]},
			"faces": {
				"north": {"uv": [0, 0, 16, 16], "texture": "#2"},
				"east": {"uv": [0, 0, 16, 16], "texture": "#2"},
				"south": {"uv": [0, 0, 16, 16], "texture": "#2"},
				"west": {"uv": [0, 0, 16, 16], "texture": "#2"},
				"up": {"uv": [0, 0, 16, 16], "texture": "#2"},
				"down": {"uv": [0, 0, 16, 16], "texture": "#2"}
			}
		},
		{
			"name": "hexadecagon",
			"from": [6.60761, 21.0625, 14],
			"to": [9.39239, 22.0625, 15],
			"rotation": {"angle": -45, "axis": "y", "origin": [8, 21.5625, 8]},
			"faces": {
				"north": {"uv": [0, 0, 16, 16], "texture": "#2"},
				"east": {"uv": [0, 0, 16, 16], "texture": "#2"},
				"south": {"uv": [0, 0, 16, 16], "texture": "#2"},
				"west": {"uv": [0, 0, 16, 16], "texture": "#2"},
				"up": {"uv": [0, 0, 16, 16], "texture": "#2"},
				"down": {"uv": [0, 0, 16, 16], "texture": "#2"}
			}
		},
		{
			"name": "hexadecagon",
			"from": [6.60761, 21.0625, 14],
			"to": [9.39239, 22.0625, 15],
			"rotation": {"angle": -22.5, "axis": "y", "origin": [8, 21.5625, 8]},
			"faces": {
				"north": {"uv": [0, 0, 16, 16], "texture": "#2"},
				"east": {"uv": [0, 0, 16, 16], "texture": "#2"},
				"south": {"uv": [0, 0, 16, 16], "texture": "#2"},
				"west": {"uv": [0, 0, 16, 16], "texture": "#2"},
				"up": {"uv": [0, 0, 16, 16], "texture": "#2"},
				"down": {"uv": [0, 0, 16, 16], "texture": "#2"}
			}
		},
		{
			"name": "hexadecagon",
			"from": [6.60761, 21.0625, 14],
			"to": [9.39239, 22.0625, 15],
			"rotation": {"angle": 0, "axis": "y", "origin": [8, 21.5625, 8]},
			"faces": {
				"north": {"uv": [0, 0, 16, 16], "texture": "#2"},
				"east": {"uv": [0, 0, 16, 16], "texture": "#2"},
				"south": {"uv": [0, 0, 16, 16], "texture": "#2"},
				"west": {"uv": [0, 0, 16, 16], "texture": "#2"},
				"up": {"uv": [0, 0, 16, 16], "texture": "#2"},
				"down": {"uv": [0, 0, 16, 16], "texture": "#2"}
			}
		},
		{
			"name": "hexadecagon",
			"from": [6.60761, 21.0625, 14],
			"to": [9.39239, 22.0625, 15],
			"rotation": {"angle": 22.5, "axis": "y", "origin": [8, 21.5625, 8]},
			"faces": {
				"north": {"uv": [0, 0, 16, 16], "texture": "#2"},
				"east": {"uv": [0, 0, 16, 16], "texture": "#2"},
				"south": {"uv": [0, 0, 16, 16], "texture": "#2"},
				"west": {"uv": [0, 0, 16, 16], "texture": "#2"},
				"up": {"uv": [0, 0, 16, 16], "texture": "#2"},
				"down": {"uv": [0, 0, 16, 16], "texture": "#2"}
			}
		},
		{
			"name": "hexadecagon",
			"from": [6.60761, 21.0625, 14],
			"to": [9.39239, 22.0625, 15],
			"rotation": {"angle": 45, "axis": "y", "origin": [8, 21.5625, 8]},
			"faces": {
				"north": {"uv": [0, 0, 16, 16], "texture": "#2"},
				"east": {"uv": [0, 0, 16, 16], "texture": "#2"},
				"south": {"uv": [0, 0, 16, 16], "texture": "#2"},
				"west": {"uv": [0, 0, 16, 16], "texture": "#2"},
				"up": {"uv": [0, 0, 16, 16], "texture": "#2"},
				"down": {"uv": [0, 0, 16, 16], "texture": "#2"}
			}
		},
		{
			"name": "hexadecagon",
			"from": [1, 21.0625, 6.60761],
			"to": [2, 22.0625, 9.39239],
			"rotation": {"angle": -22.5, "axis": "y", "origin": [8, 21.5625, 8]},
			"faces": {
				"north": {"uv": [0, 0, 16, 16], "texture": "#2"},
				"east": {"uv": [0, 0, 16, 16], "texture": "#2"},
				"south": {"uv": [0, 0, 16, 16], "texture": "#2"},
				"west": {"uv": [0, 0, 16, 16], "texture": "#2"},
				"up": {"uv": [0, 0, 16, 16], "texture": "#2"},
				"down": {"uv": [0, 0, 16, 16], "texture": "#2"}
			}
		},
		{
			"name": "hexadecagon",
			"from": [1, 21.0625, 6.60761],
			"to": [2, 22.0625, 9.39239],
			"rotation": {"angle": 0, "axis": "y", "origin": [8, 21.5625, 8]},
			"faces": {
				"north": {"uv": [0, 0, 16, 16], "texture": "#2"},
				"east": {"uv": [0, 0, 16, 16], "texture": "#2"},
				"south": {"uv": [0, 0, 16, 16], "texture": "#2"},
				"west": {"uv": [0, 0, 16, 16], "texture": "#2"},
				"up": {"uv": [0, 0, 16, 16], "texture": "#2"},
				"down": {"uv": [0, 0, 16, 16], "texture": "#2"}
			}
		},
		{
			"name": "hexadecagon",
			"from": [1, 21.0625, 6.60761],
			"to": [2, 22.0625, 9.39239],
			"rotation": {"angle": 22.5, "axis": "y", "origin": [8, 21.5625, 8]},
			"faces": {
				"north": {"uv": [0, 0, 16, 16], "texture": "#2"},
				"east": {"uv": [0, 0, 16, 16], "texture": "#2"},
				"south": {"uv": [0, 0, 16, 16], "texture": "#2"},
				"west": {"uv": [0, 0, 16, 16], "texture": "#2"},
				"up": {"uv": [0, 0, 16, 16], "texture": "#2"},
				"down": {"uv": [0, 0, 16, 16], "texture": "#2"}
			}
		},
		{
			"name": "hexadecagon",
			"from": [14, 21.0625, 6.60761],
			"to": [15, 22.0625, 9.39239],
			"rotation": {"angle": -22.5, "axis": "y", "origin": [8, 21.5625, 8]},
			"faces": {
				"north": {"uv": [0, 0, 16, 16], "texture": "#2"},
				"east": {"uv": [0, 0, 16, 16], "texture": "#2"},
				"south": {"uv": [0, 0, 16, 16], "texture": "#2"},
				"west": {"uv": [0, 0, 16, 16], "texture": "#2"},
				"up": {"uv": [0, 0, 16, 16], "texture": "#2"},
				"down": {"uv": [0, 0, 16, 16], "texture": "#2"}
			}
		},
		{
			"name": "hexadecagon",
			"from": [14, 21.0625, 6.60761],
			"to": [15, 22.0625, 9.39239],
			"rotation": {"angle": 0, "axis": "y", "origin": [8, 21.5625, 8]},
			"faces": {
				"north": {"uv": [0, 0, 16, 16], "texture": "#2"},
				"east": {"uv": [0, 0, 16, 16], "texture": "#2"},
				"south": {"uv": [0, 0, 16, 16], "texture": "#2"},
				"west": {"uv": [0, 0, 16, 16], "texture": "#2"},
				"up": {"uv": [0, 0, 16, 16], "texture": "#2"},
				"down": {"uv": [0, 0, 16, 16], "texture": "#2"}
			}
		},
		{
			"name": "hexadecagon",
			"from": [14, 21.0625, 6.60761],
			"to": [15, 22.0625, 9.39239],
			"rotation": {"angle": 22.5, "axis": "y", "origin": [8, 21.5625, 8]},
			"faces": {
				"north": {"uv": [0, 0, 16, 16], "texture": "#2"},
				"east": {"uv": [0, 0, 16, 16], "texture": "#2"},
				"south": {"uv": [0, 0, 16, 16], "texture": "#2"},
				"west": {"uv": [0, 0, 16, 16], "texture": "#2"},
				"up": {"uv": [0, 0, 16, 16], "texture": "#2"},
				"down": {"uv": [0, 0, 16, 16], "texture": "#2"}
			}
		},
		{
			"name": "hexadecagon",
			"from": [6.70707, 22.0625, 1.5],
			"to": [9.29293, 23.0625, 2.5],
			"rotation": {"angle": -45, "axis": "y", "origin": [8, 22.5625, 8]},
			"faces": {
				"north": {"uv": [0, 0, 16, 16], "texture": "#2"},
				"east": {"uv": [0, 0, 16, 16], "texture": "#2"},
				"south": {"uv": [0, 0, 16, 16], "texture": "#2"},
				"west": {"uv": [0, 0, 16, 16], "texture": "#2"},
				"up": {"uv": [0, 0, 16, 16], "texture": "#2"},
				"down": {"uv": [0, 0, 16, 16], "texture": "#2"}
			}
		},
		{
			"name": "hexadecagon",
			"from": [6.70707, 22.0625, 1.5],
			"to": [9.29293, 23.0625, 2.5],
			"rotation": {"angle": -22.5, "axis": "y", "origin": [8, 22.5625, 8]},
			"faces": {
				"north": {"uv": [0, 0, 16, 16], "texture": "#2"},
				"east": {"uv": [0, 0, 16, 16], "texture": "#2"},
				"south": {"uv": [0, 0, 16, 16], "texture": "#2"},
				"west": {"uv": [0, 0, 16, 16], "texture": "#2"},
				"up": {"uv": [0, 0, 16, 16], "texture": "#2"},
				"down": {"uv": [0, 0, 16, 16], "texture": "#2"}
			}
		},
		{
			"name": "hexadecagon",
			"from": [6.70707, 22.0625, 1.5],
			"to": [9.29293, 23.0625, 2.5],
			"rotation": {"angle": 0, "axis": "y", "origin": [8, 22.5625, 8]},
			"faces": {
				"north": {"uv": [0, 0, 16, 16], "texture": "#2"},
				"east": {"uv": [0, 0, 16, 16], "texture": "#2"},
				"south": {"uv": [0, 0, 16, 16], "texture": "#2"},
				"west": {"uv": [0, 0, 16, 16], "texture": "#2"},
				"up": {"uv": [0, 0, 16, 16], "texture": "#2"},
				"down": {"uv": [0, 0, 16, 16], "texture": "#2"}
			}
		},
		{
			"name": "hexadecagon",
			"from": [6.70707, 22.0625, 1.5],
			"to": [9.29293, 23.0625, 2.5],
			"rotation": {"angle": 22.5, "axis": "y", "origin": [8, 22.5625, 8]},
			"faces": {
				"north": {"uv": [0, 0, 16, 16], "texture": "#2"},
				"east": {"uv": [0, 0, 16, 16], "texture": "#2"},
				"south": {"uv": [0, 0, 16, 16], "texture": "#2"},
				"west": {"uv": [0, 0, 16, 16], "texture": "#2"},
				"up": {"uv": [0, 0, 16, 16], "texture": "#2"},
				"down": {"uv": [0, 0, 16, 16], "texture": "#2"}
			}
		},
		{
			"name": "hexadecagon",
			"from": [6.70707, 22.0625, 1.5],
			"to": [9.29293, 23.0625, 2.5],
			"rotation": {"angle": 45, "axis": "y", "origin": [8, 22.5625, 8]},
			"faces": {
				"north": {"uv": [0, 0, 16, 16], "texture": "#2"},
				"east": {"uv": [0, 0, 16, 16], "texture": "#2"},
				"south": {"uv": [0, 0, 16, 16], "texture": "#2"},
				"west": {"uv": [0, 0, 16, 16], "texture": "#2"},
				"up": {"uv": [0, 0, 16, 16], "texture": "#2"},
				"down": {"uv": [0, 0, 16, 16], "texture": "#2"}
			}
		},
		{
			"name": "hexadecagon",
			"from": [6.70707, 22.0625, 13.5],
			"to": [9.29293, 23.0625, 14.5],
			"rotation": {"angle": -45, "axis": "y", "origin": [8, 22.5625, 8]},
			"faces": {
				"north": {"uv": [0, 0, 16, 16], "texture": "#2"},
				"east": {"uv": [0, 0, 16, 16], "texture": "#2"},
				"south": {"uv": [0, 0, 16, 16], "texture": "#2"},
				"west": {"uv": [0, 0, 16, 16], "texture": "#2"},
				"up": {"uv": [0, 0, 16, 16], "texture": "#2"},
				"down": {"uv": [0, 0, 16, 16], "texture": "#2"}
			}
		},
		{
			"name": "hexadecagon",
			"from": [6.70707, 22.0625, 13.5],
			"to": [9.29293, 23.0625, 14.5],
			"rotation": {"angle": -22.5, "axis": "y", "origin": [8, 22.5625, 8]},
			"faces": {
				"north": {"uv": [0, 0, 16, 16], "texture": "#2"},
				"east": {"uv": [0, 0, 16, 16], "texture": "#2"},
				"south": {"uv": [0, 0, 16, 16], "texture": "#2"},
				"west": {"uv": [0, 0, 16, 16], "texture": "#2"},
				"up": {"uv": [0, 0, 16, 16], "texture": "#2"},
				"down": {"uv": [0, 0, 16, 16], "texture": "#2"}
			}
		},
		{
			"name": "hexadecagon",
			"from": [6.70707, 22.0625, 13.5],
			"to": [9.29293, 23.0625, 14.5],
			"rotation": {"angle": 0, "axis": "y", "origin": [8, 22.5625, 8]},
			"faces": {
				"north": {"uv": [0, 0, 16, 16], "texture": "#2"},
				"east": {"uv": [0, 0, 16, 16], "texture": "#2"},
				"south": {"uv": [0, 0, 16, 16], "texture": "#2"},
				"west": {"uv": [0, 0, 16, 16], "texture": "#2"},
				"up": {"uv": [0, 0, 16, 16], "texture": "#2"},
				"down": {"uv": [0, 0, 16, 16], "texture": "#2"}
			}
		},
		{
			"name": "hexadecagon",
			"from": [6.70707, 22.0625, 13.5],
			"to": [9.29293, 23.0625, 14.5],
			"rotation": {"angle": 22.5, "axis": "y", "origin": [8, 22.5625, 8]},
			"faces": {
				"north": {"uv": [0, 0, 16, 16], "texture": "#2"},
				"east": {"uv": [0, 0, 16, 16], "texture": "#2"},
				"south": {"uv": [0, 0, 16, 16], "texture": "#2"},
				"west": {"uv": [0, 0, 16, 16], "texture": "#2"},
				"up": {"uv": [0, 0, 16, 16], "texture": "#2"},
				"down": {"uv": [0, 0, 16, 16], "texture": "#2"}
			}
		},
		{
			"name": "hexadecagon",
			"from": [6.70707, 22.0625, 13.5],
			"to": [9.29293, 23.0625, 14.5],
			"rotation": {"angle": 45, "axis": "y", "origin": [8, 22.5625, 8]},
			"faces": {
				"north": {"uv": [0, 0, 16, 16], "texture": "#2"},
				"east": {"uv": [0, 0, 16, 16], "texture": "#2"},
				"south": {"uv": [0, 0, 16, 16], "texture": "#2"},
				"west": {"uv": [0, 0, 16, 16], "texture": "#2"},
				"up": {"uv": [0, 0, 16, 16], "texture": "#2"},
				"down": {"uv": [0, 0, 16, 16], "texture": "#2"}
			}
		},
		{
			"name": "hexadecagon",
			"from": [1.5, 22.0625, 6.70707],
			"to": [2.5, 23.0625, 9.29293],
			"rotation": {"angle": -22.5, "axis": "y", "origin": [8, 22.5625, 8]},
			"faces": {
				"north": {"uv": [0, 0, 16, 16], "texture": "#2"},
				"east": {"uv": [0, 0, 16, 16], "texture": "#2"},
				"south": {"uv": [0, 0, 16, 16], "texture": "#2"},
				"west": {"uv": [0, 0, 16, 16], "texture": "#2"},
				"up": {"uv": [0, 0, 16, 16], "texture": "#2"},
				"down": {"uv": [0, 0, 16, 16], "texture": "#2"}
			}
		},
		{
			"name": "hexadecagon",
			"from": [1.5, 22.0625, 6.70707],
			"to": [2.5, 23.0625, 9.29293],
			"rotation": {"angle": 0, "axis": "y", "origin": [8, 22.5625, 8]},
			"faces": {
				"north": {"uv": [0, 0, 16, 16], "texture": "#2"},
				"east": {"uv": [0, 0, 16, 16], "texture": "#2"},
				"south": {"uv": [0, 0, 16, 16], "texture": "#2"},
				"west": {"uv": [0, 0, 16, 16], "texture": "#2"},
				"up": {"uv": [0, 0, 16, 16], "texture": "#2"},
				"down": {"uv": [0, 0, 16, 16], "texture": "#2"}
			}
		},
		{
			"name": "hexadecagon",
			"from": [1.5, 22.0625, 6.70707],
			"to": [2.5, 23.0625, 9.29293],
			"rotation": {"angle": 22.5, "axis": "y", "origin": [8, 22.5625, 8]},
			"faces": {
				"north": {"uv": [0, 0, 16, 16], "texture": "#2"},
				"east": {"uv": [0, 0, 16, 16], "texture": "#2"},
				"south": {"uv": [0, 0, 16, 16], "texture": "#2"},
				"west": {"uv": [0, 0, 16, 16], "texture": "#2"},
				"up": {"uv": [0, 0, 16, 16], "texture": "#2"},
				"down": {"uv": [0, 0, 16, 16], "texture": "#2"}
			}
		},
		{
			"name": "hexadecagon",
			"from": [13.5, 22.0625, 6.70707],
			"to": [14.5, 23.0625, 9.29293],
			"rotation": {"angle": -22.5, "axis": "y", "origin": [8, 22.5625, 8]},
			"faces": {
				"north": {"uv": [0, 0, 16, 16], "texture": "#2"},
				"east": {"uv": [0, 0, 16, 16], "texture": "#2"},
				"south": {"uv": [0, 0, 16, 16], "texture": "#2"},
				"west": {"uv": [0, 0, 16, 16], "texture": "#2"},
				"up": {"uv": [0, 0, 16, 16], "texture": "#2"},
				"down": {"uv": [0, 0, 16, 16], "texture": "#2"}
			}
		},
		{
			"name": "hexadecagon",
			"from": [13.5, 22.0625, 6.70707],
			"to": [14.5, 23.0625, 9.29293],
			"rotation": {"angle": 0, "axis": "y", "origin": [8, 22.5625, 8]},
			"faces": {
				"north": {"uv": [0, 0, 16, 16], "texture": "#2"},
				"east": {"uv": [0, 0, 16, 16], "texture": "#2"},
				"south": {"uv": [0, 0, 16, 16], "texture": "#2"},
				"west": {"uv": [0, 0, 16, 16], "texture": "#2"},
				"up": {"uv": [0, 0, 16, 16], "texture": "#2"},
				"down": {"uv": [0, 0, 16, 16], "texture": "#2"}
			}
		},
		{
			"name": "hexadecagon",
			"from": [13.5, 22.0625, 6.70707],
			"to": [14.5, 23.0625, 9.29293],
			"rotation": {"angle": 22.5, "axis": "y", "origin": [8, 22.5625, 8]},
			"faces": {
				"north": {"uv": [0, 0, 16, 16], "texture": "#2"},
				"east": {"uv": [0, 0, 16, 16], "texture": "#2"},
				"south": {"uv": [0, 0, 16, 16], "texture": "#2"},
				"west": {"uv": [0, 0, 16, 16], "texture": "#2"},
				"up": {"uv": [0, 0, 16, 16], "texture": "#2"},
				"down": {"uv": [0, 0, 16, 16], "texture": "#2"}
			}
		},
		{
			"name": "hexadecagon",
			"from": [6.80653, 23.0625, 2],
			"to": [9.19347, 24.0625, 3],
			"rotation": {"angle": -45, "axis": "y", "origin": [8, 23.5625, 8]},
			"faces": {
				"north": {"uv": [0, 0, 16, 16], "texture": "#2"},
				"east": {"uv": [0, 0, 16, 16], "texture": "#2"},
				"south": {"uv": [0, 0, 16, 16], "texture": "#2"},
				"west": {"uv": [0, 0, 16, 16], "texture": "#2"},
				"up": {"uv": [0, 0, 16, 16], "texture": "#2"},
				"down": {"uv": [0, 0, 16, 16], "texture": "#2"}
			}
		},
		{
			"name": "hexadecagon",
			"from": [6.80653, 23.0625, 2],
			"to": [9.19347, 24.0625, 3],
			"rotation": {"angle": -22.5, "axis": "y", "origin": [8, 23.5625, 8]},
			"faces": {
				"north": {"uv": [0, 0, 16, 16], "texture": "#2"},
				"east": {"uv": [0, 0, 16, 16], "texture": "#2"},
				"south": {"uv": [0, 0, 16, 16], "texture": "#2"},
				"west": {"uv": [0, 0, 16, 16], "texture": "#2"},
				"up": {"uv": [0, 0, 16, 16], "texture": "#2"},
				"down": {"uv": [0, 0, 16, 16], "texture": "#2"}
			}
		},
		{
			"name": "hexadecagon",
			"from": [6.80653, 23.0625, 2],
			"to": [9.19347, 24.0625, 3],
			"rotation": {"angle": 0, "axis": "y", "origin": [8, 23.5625, 8]},
			"faces": {
				"north": {"uv": [0, 0, 16, 16], "texture": "#2"},
				"east": {"uv": [0, 0, 16, 16], "texture": "#2"},
				"south": {"uv": [0, 0, 16, 16], "texture": "#2"},
				"west": {"uv": [0, 0, 16, 16], "texture": "#2"},
				"up": {"uv": [0, 0, 16, 16], "texture": "#2"},
				"down": {"uv": [0, 0, 16, 16], "texture": "#2"}
			}
		},
		{
			"name": "hexadecagon",
			"from": [6.80653, 23.0625, 2],
			"to": [9.19347, 24.0625, 3],
			"rotation": {"angle": 22.5, "axis": "y", "origin": [8, 23.5625, 8]},
			"faces": {
				"north": {"uv": [0, 0, 16, 16], "texture": "#2"},
				"east": {"uv": [0, 0, 16, 16], "texture": "#2"},
				"south": {"uv": [0, 0, 16, 16], "texture": "#2"},
				"west": {"uv": [0, 0, 16, 16], "texture": "#2"},
				"up": {"uv": [0, 0, 16, 16], "texture": "#2"},
				"down": {"uv": [0, 0, 16, 16], "texture": "#2"}
			}
		},
		{
			"name": "hexadecagon",
			"from": [6.80653, 23.0625, 2],
			"to": [9.19347, 24.0625, 3],
			"rotation": {"angle": 45, "axis": "y", "origin": [8, 23.5625, 8]},
			"faces": {
				"north": {"uv": [0, 0, 16, 16], "texture": "#2"},
				"east": {"uv": [0, 0, 16, 16], "texture": "#2"},
				"south": {"uv": [0, 0, 16, 16], "texture": "#2"},
				"west": {"uv": [0, 0, 16, 16], "texture": "#2"},
				"up": {"uv": [0, 0, 16, 16], "texture": "#2"},
				"down": {"uv": [0, 0, 16, 16], "texture": "#2"}
			}
		},
		{
			"name": "hexadecagon",
			"from": [6.80653, 23.0625, 13],
			"to": [9.19347, 24.0625, 14],
			"rotation": {"angle": -45, "axis": "y", "origin": [8, 23.5625, 8]},
			"faces": {
				"north": {"uv": [0, 0, 16, 16], "texture": "#2"},
				"east": {"uv": [0, 0, 16, 16], "texture": "#2"},
				"south": {"uv": [0, 0, 16, 16], "texture": "#2"},
				"west": {"uv": [0, 0, 16, 16], "texture": "#2"},
				"up": {"uv": [0, 0, 16, 16], "texture": "#2"},
				"down": {"uv": [0, 0, 16, 16], "texture": "#2"}
			}
		},
		{
			"name": "hexadecagon",
			"from": [6.80653, 23.0625, 13],
			"to": [9.19347, 24.0625, 14],
			"rotation": {"angle": -22.5, "axis": "y", "origin": [8, 23.5625, 8]},
			"faces": {
				"north": {"uv": [0, 0, 16, 16], "texture": "#2"},
				"east": {"uv": [0, 0, 16, 16], "texture": "#2"},
				"south": {"uv": [0, 0, 16, 16], "texture": "#2"},
				"west": {"uv": [0, 0, 16, 16], "texture": "#2"},
				"up": {"uv": [0, 0, 16, 16], "texture": "#2"},
				"down": {"uv": [0, 0, 16, 16], "texture": "#2"}
			}
		},
		{
			"name": "hexadecagon",
			"from": [6.80653, 23.0625, 13],
			"to": [9.19347, 24.0625, 14],
			"rotation": {"angle": 0, "axis": "y", "origin": [8, 23.5625, 8]},
			"faces": {
				"north": {"uv": [0, 0, 16, 16], "texture": "#2"},
				"east": {"uv": [0, 0, 16, 16], "texture": "#2"},
				"south": {"uv": [0, 0, 16, 16], "texture": "#2"},
				"west": {"uv": [0, 0, 16, 16], "texture": "#2"},
				"up": {"uv": [0, 0, 16, 16], "texture": "#2"},
				"down": {"uv": [0, 0, 16, 16], "texture": "#2"}
			}
		},
		{
			"name": "hexadecagon",
			"from": [6.80653, 23.0625, 13],
			"to": [9.19347, 24.0625, 14],
			"rotation": {"angle": 22.5, "axis": "y", "origin": [8, 23.5625, 8]},
			"faces": {
				"north": {"uv": [0, 0, 16, 16], "texture": "#2"},
				"east": {"uv": [0, 0, 16, 16], "texture": "#2"},
				"south": {"uv": [0, 0, 16, 16], "texture": "#2"},
				"west": {"uv": [0, 0, 16, 16], "texture": "#2"},
				"up": {"uv": [0, 0, 16, 16], "texture": "#2"},
				"down": {"uv": [0, 0, 16, 16], "texture": "#2"}
			}
		},
		{
			"name": "hexadecagon",
			"from": [6.80653, 23.0625, 13],
			"to": [9.19347, 24.0625, 14],
			"rotation": {"angle": 45, "axis": "y", "origin": [8, 23.5625, 8]},
			"faces": {
				"north": {"uv": [0, 0, 16, 16], "texture": "#2"},
				"east": {"uv": [0, 0, 16, 16], "texture": "#2"},
				"south": {"uv": [0, 0, 16, 16], "texture": "#2"},
				"west": {"uv": [0, 0, 16, 16], "texture": "#2"},
				"up": {"uv": [0, 0, 16, 16], "texture": "#2"},
				"down": {"uv": [0, 0, 16, 16], "texture": "#2"}
			}
		},
		{
			"name": "hexadecagon",
			"from": [2, 23.0625, 6.80653],
			"to": [3, 24.0625, 9.19347],
			"rotation": {"angle": -22.5, "axis": "y", "origin": [8, 23.5625, 8]},
			"faces": {
				"north": {"uv": [0, 0, 16, 16], "texture": "#2"},
				"east": {"uv": [0, 0, 16, 16], "texture": "#2"},
				"south": {"uv": [0, 0, 16, 16], "texture": "#2"},
				"west": {"uv": [0, 0, 16, 16], "texture": "#2"},
				"up": {"uv": [0, 0, 16, 16], "texture": "#2"},
				"down": {"uv": [0, 0, 16, 16], "texture": "#2"}
			}
		},
		{
			"name": "hexadecagon",
			"from": [2, 23.0625, 6.80653],
			"to": [3, 24.0625, 9.19347],
			"rotation": {"angle": 0, "axis": "y", "origin": [8, 23.5625, 8]},
			"faces": {
				"north": {"uv": [0, 0, 16, 16], "texture": "#2"},
				"east": {"uv": [0, 0, 16, 16], "texture": "#2"},
				"south": {"uv": [0, 0, 16, 16], "texture": "#2"},
				"west": {"uv": [0, 0, 16, 16], "texture": "#2"},
				"up": {"uv": [0, 0, 16, 16], "texture": "#2"},
				"down": {"uv": [0, 0, 16, 16], "texture": "#2"}
			}
		},
		{
			"name": "hexadecagon",
			"from": [2, 23.0625, 6.80653],
			"to": [3, 24.0625, 9.19347],
			"rotation": {"angle": 22.5, "axis": "y", "origin": [8, 23.5625, 8]},
			"faces": {
				"north": {"uv": [0, 0, 16, 16], "texture": "#2"},
				"east": {"uv": [0, 0, 16, 16], "texture": "#2"},
				"south": {"uv": [0, 0, 16, 16], "texture": "#2"},
				"west": {"uv": [0, 0, 16, 16], "texture": "#2"},
				"up": {"uv": [0, 0, 16, 16], "texture": "#2"},
				"down": {"uv": [0, 0, 16, 16], "texture": "#2"}
			}
		},
		{
			"name": "hexadecagon",
			"from": [13, 23.0625, 6.80653],
			"to": [14, 24.0625, 9.19347],
			"rotation": {"angle": -22.5, "axis": "y", "origin": [8, 23.5625, 8]},
			"faces": {
				"north": {"uv": [0, 0, 16, 16], "texture": "#2"},
				"east": {"uv": [0, 0, 16, 16], "texture": "#2"},
				"south": {"uv": [0, 0, 16, 16], "texture": "#2"},
				"west": {"uv": [0, 0, 16, 16], "texture": "#2"},
				"up": {"uv": [0, 0, 16, 16], "texture": "#2"},
				"down": {"uv": [0, 0, 16, 16], "texture": "#2"}
			}
		},
		{
			"name": "hexadecagon",
			"from": [13, 23.0625, 6.80653],
			"to": [14, 24.0625, 9.19347],
			"rotation": {"angle": 0, "axis": "y", "origin": [8, 23.5625, 8]},
			"faces": {
				"north": {"uv": [0, 0, 16, 16], "texture": "#2"},
				"east": {"uv": [0, 0, 16, 16], "texture": "#2"},
				"south": {"uv": [0, 0, 16, 16], "texture": "#2"},
				"west": {"uv": [0, 0, 16, 16], "texture": "#2"},
				"up": {"uv": [0, 0, 16, 16], "texture": "#2"},
				"down": {"uv": [0, 0, 16, 16], "texture": "#2"}
			}
		},
		{
			"name": "hexadecagon",
			"from": [13, 23.0625, 6.80653],
			"to": [14, 24.0625, 9.19347],
			"rotation": {"angle": 22.5, "axis": "y", "origin": [8, 23.5625, 8]},
			"faces": {
				"north": {"uv": [0, 0, 16, 16], "texture": "#2"},
				"east": {"uv": [0, 0, 16, 16], "texture": "#2"},
				"south": {"uv": [0, 0, 16, 16], "texture": "#2"},
				"west": {"uv": [0, 0, 16, 16], "texture": "#2"},
				"up": {"uv": [0, 0, 16, 16], "texture": "#2"},
				"down": {"uv": [0, 0, 16, 16], "texture": "#2"}
			}
		},
		{
			"name": "hexadecagon",
			"from": [6.90598, 24.125, 2.5],
			"to": [9.09402, 25.125, 3.5],
			"rotation": {"angle": -45, "axis": "y", "origin": [8, 24.625, 8]},
			"faces": {
				"north": {"uv": [0, 0, 16, 16], "texture": "#2"},
				"east": {"uv": [0, 0, 16, 16], "texture": "#2"},
				"south": {"uv": [0, 0, 16, 16], "texture": "#2"},
				"west": {"uv": [0, 0, 16, 16], "texture": "#2"},
				"up": {"uv": [0, 0, 16, 16], "texture": "#2"},
				"down": {"uv": [0, 0, 16, 16], "texture": "#2"}
			}
		},
		{
			"name": "hexadecagon",
			"from": [6.90598, 24.125, 2.5],
			"to": [9.09402, 25.125, 3.5],
			"rotation": {"angle": -22.5, "axis": "y", "origin": [8, 24.625, 8]},
			"faces": {
				"north": {"uv": [0, 0, 16, 16], "texture": "#2"},
				"east": {"uv": [0, 0, 16, 16], "texture": "#2"},
				"south": {"uv": [0, 0, 16, 16], "texture": "#2"},
				"west": {"uv": [0, 0, 16, 16], "texture": "#2"},
				"up": {"uv": [0, 0, 16, 16], "texture": "#2"},
				"down": {"uv": [0, 0, 16, 16], "texture": "#2"}
			}
		},
		{
			"name": "hexadecagon",
			"from": [6.90598, 24.125, 2.5],
			"to": [9.09402, 25.125, 3.5],
			"rotation": {"angle": 0, "axis": "y", "origin": [8, 24.625, 8]},
			"faces": {
				"north": {"uv": [0, 0, 16, 16], "texture": "#2"},
				"east": {"uv": [0, 0, 16, 16], "texture": "#2"},
				"south": {"uv": [0, 0, 16, 16], "texture": "#2"},
				"west": {"uv": [0, 0, 16, 16], "texture": "#2"},
				"up": {"uv": [0, 0, 16, 16], "texture": "#2"},
				"down": {"uv": [0, 0, 16, 16], "texture": "#2"}
			}
		},
		{
			"name": "hexadecagon",
			"from": [6.90598, 24.125, 2.5],
			"to": [9.09402, 25.125, 3.5],
			"rotation": {"angle": 22.5, "axis": "y", "origin": [8, 24.625, 8]},
			"faces": {
				"north": {"uv": [0, 0, 16, 16], "texture": "#2"},
				"east": {"uv": [0, 0, 16, 16], "texture": "#2"},
				"south": {"uv": [0, 0, 16, 16], "texture": "#2"},
				"west": {"uv": [0, 0, 16, 16], "texture": "#2"},
				"up": {"uv": [0, 0, 16, 16], "texture": "#2"},
				"down": {"uv": [0, 0, 16, 16], "texture": "#2"}
			}
		},
		{
			"name": "hexadecagon",
			"from": [6.90598, 24.125, 2.5],
			"to": [9.09402, 25.125, 3.5],
			"rotation": {"angle": 45, "axis": "y", "origin": [8, 24.625, 8]},
			"faces": {
				"north": {"uv": [0, 0, 16, 16], "texture": "#2"},
				"east": {"uv": [0, 0, 16, 16], "texture": "#2"},
				"south": {"uv": [0, 0, 16, 16], "texture": "#2"},
				"west": {"uv": [0, 0, 16, 16], "texture": "#2"},
				"up": {"uv": [0, 0, 16, 16], "texture": "#2"},
				"down": {"uv": [0, 0, 16, 16], "texture": "#2"}
			}
		},
		{
			"name": "hexadecagon",
			"from": [6.90598, 24.125, 12.5],
			"to": [9.09402, 25.125, 13.5],
			"rotation": {"angle": -45, "axis": "y", "origin": [8, 24.625, 8]},
			"faces": {
				"north": {"uv": [0, 0, 16, 16], "texture": "#2"},
				"east": {"uv": [0, 0, 16, 16], "texture": "#2"},
				"south": {"uv": [0, 0, 16, 16], "texture": "#2"},
				"west": {"uv": [0, 0, 16, 16], "texture": "#2"},
				"up": {"uv": [0, 0, 16, 16], "texture": "#2"},
				"down": {"uv": [0, 0, 16, 16], "texture": "#2"}
			}
		},
		{
			"name": "hexadecagon",
			"from": [6.90598, 24.125, 12.5],
			"to": [9.09402, 25.125, 13.5],
			"rotation": {"angle": -22.5, "axis": "y", "origin": [8, 24.625, 8]},
			"faces": {
				"north": {"uv": [0, 0, 16, 16], "texture": "#2"},
				"east": {"uv": [0, 0, 16, 16], "texture": "#2"},
				"south": {"uv": [0, 0, 16, 16], "texture": "#2"},
				"west": {"uv": [0, 0, 16, 16], "texture": "#2"},
				"up": {"uv": [0, 0, 16, 16], "texture": "#2"},
				"down": {"uv": [0, 0, 16, 16], "texture": "#2"}
			}
		},
		{
			"name": "hexadecagon",
			"from": [6.90598, 24.125, 12.5],
			"to": [9.09402, 25.125, 13.5],
			"rotation": {"angle": 0, "axis": "y", "origin": [8, 24.625, 8]},
			"faces": {
				"north": {"uv": [0, 0, 16, 16], "texture": "#2"},
				"east": {"uv": [0, 0, 16, 16], "texture": "#2"},
				"south": {"uv": [0, 0, 16, 16], "texture": "#2"},
				"west": {"uv": [0, 0, 16, 16], "texture": "#2"},
				"up": {"uv": [0, 0, 16, 16], "texture": "#2"},
				"down": {"uv": [0, 0, 16, 16], "texture": "#2"}
			}
		},
		{
			"name": "hexadecagon",
			"from": [6.90598, 24.125, 12.5],
			"to": [9.09402, 25.125, 13.5],
			"rotation": {"angle": 22.5, "axis": "y", "origin": [8, 24.625, 8]},
			"faces": {
				"north": {"uv": [0, 0, 16, 16], "texture": "#2"},
				"east": {"uv": [0, 0, 16, 16], "texture": "#2"},
				"south": {"uv": [0, 0, 16, 16], "texture": "#2"},
				"west": {"uv": [0, 0, 16, 16], "texture": "#2"},
				"up": {"uv": [0, 0, 16, 16], "texture": "#2"},
				"down": {"uv": [0, 0, 16, 16], "texture": "#2"}
			}
		},
		{
			"name": "hexadecagon",
			"from": [6.90598, 24.125, 12.5],
			"to": [9.09402, 25.125, 13.5],
			"rotation": {"angle": 45, "axis": "y", "origin": [8, 24.625, 8]},
			"faces": {
				"north": {"uv": [0, 0, 16, 16], "texture": "#2"},
				"east": {"uv": [0, 0, 16, 16], "texture": "#2"},
				"south": {"uv": [0, 0, 16, 16], "texture": "#2"},
				"west": {"uv": [0, 0, 16, 16], "texture": "#2"},
				"up": {"uv": [0, 0, 16, 16], "texture": "#2"},
				"down": {"uv": [0, 0, 16, 16], "texture": "#2"}
			}
		},
		{
			"name": "hexadecagon",
			"from": [2.5, 24.125, 6.90598],
			"to": [3.5, 25.125, 9.09402],
			"rotation": {"angle": -22.5, "axis": "y", "origin": [8, 24.625, 8]},
			"faces": {
				"north": {"uv": [0, 0, 16, 16], "texture": "#2"},
				"east": {"uv": [0, 0, 16, 16], "texture": "#2"},
				"south": {"uv": [0, 0, 16, 16], "texture": "#2"},
				"west": {"uv": [0, 0, 16, 16], "texture": "#2"},
				"up": {"uv": [0, 0, 16, 16], "texture": "#2"},
				"down": {"uv": [0, 0, 16, 16], "texture": "#2"}
			}
		},
		{
			"name": "hexadecagon",
			"from": [2.5, 24.125, 6.90598],
			"to": [3.5, 25.125, 9.09402],
			"rotation": {"angle": 0, "axis": "y", "origin": [8, 24.625, 8]},
			"faces": {
				"north": {"uv": [0, 0, 16, 16], "texture": "#2"},
				"east": {"uv": [0, 0, 16, 16], "texture": "#2"},
				"south": {"uv": [0, 0, 16, 16], "texture": "#2"},
				"west": {"uv": [0, 0, 16, 16], "texture": "#2"},
				"up": {"uv": [0, 0, 16, 16], "texture": "#2"},
				"down": {"uv": [0, 0, 16, 16], "texture": "#2"}
			}
		},
		{
			"name": "hexadecagon",
			"from": [2.5, 24.125, 6.90598],
			"to": [3.5, 25.125, 9.09402],
			"rotation": {"angle": 22.5, "axis": "y", "origin": [8, 24.625, 8]},
			"faces": {
				"north": {"uv": [0, 0, 16, 16], "texture": "#2"},
				"east": {"uv": [0, 0, 16, 16], "texture": "#2"},
				"south": {"uv": [0, 0, 16, 16], "texture": "#2"},
				"west": {"uv": [0, 0, 16, 16], "texture": "#2"},
				"up": {"uv": [0, 0, 16, 16], "texture": "#2"},
				"down": {"uv": [0, 0, 16, 16], "texture": "#2"}
			}
		},
		{
			"name": "hexadecagon",
			"from": [12.5, 24.125, 6.90598],
			"to": [13.5, 25.125, 9.09402],
			"rotation": {"angle": -22.5, "axis": "y", "origin": [8, 24.625, 8]},
			"faces": {
				"north": {"uv": [0, 0, 16, 16], "texture": "#2"},
				"east": {"uv": [0, 0, 16, 16], "texture": "#2"},
				"south": {"uv": [0, 0, 16, 16], "texture": "#2"},
				"west": {"uv": [0, 0, 16, 16], "texture": "#2"},
				"up": {"uv": [0, 0, 16, 16], "texture": "#2"},
				"down": {"uv": [0, 0, 16, 16], "texture": "#2"}
			}
		},
		{
			"name": "hexadecagon",
			"from": [12.5, 24.125, 6.90598],
			"to": [13.5, 25.125, 9.09402],
			"rotation": {"angle": 0, "axis": "y", "origin": [8, 24.625, 8]},
			"faces": {
				"north": {"uv": [0, 0, 16, 16], "texture": "#2"},
				"east": {"uv": [0, 0, 16, 16], "texture": "#2"},
				"south": {"uv": [0, 0, 16, 16], "texture": "#2"},
				"west": {"uv": [0, 0, 16, 16], "texture": "#2"},
				"up": {"uv": [0, 0, 16, 16], "texture": "#2"},
				"down": {"uv": [0, 0, 16, 16], "texture": "#2"}
			}
		},
		{
			"name": "hexadecagon",
			"from": [12.5, 24.125, 6.90598],
			"to": [13.5, 25.125, 9.09402],
			"rotation": {"angle": 22.5, "axis": "y", "origin": [8, 24.625, 8]},
			"faces": {
				"north": {"uv": [0, 0, 16, 16], "texture": "#2"},
				"east": {"uv": [0, 0, 16, 16], "texture": "#2"},
				"south": {"uv": [0, 0, 16, 16], "texture": "#2"},
				"west": {"uv": [0, 0, 16, 16], "texture": "#2"},
				"up": {"uv": [0, 0, 16, 16], "texture": "#2"},
				"down": {"uv": [0, 0, 16, 16], "texture": "#2"}
			}
		},
		{
			"name": "hexadecagon",
			"from": [7.10489, 25.0625, 3.5],
			"to": [8.89511, 26.0625, 12.5],
			"rotation": {"angle": -45, "axis": "y", "origin": [8, 25.5625, 8]},
			"faces": {
				"north": {"uv": [0, 0, 16, 16], "texture": "#2"},
				"east": {"uv": [0, 0, 16, 16], "texture": "#2"},
				"south": {"uv": [0, 0, 16, 16], "texture": "#2"},
				"west": {"uv": [0, 0, 16, 16], "texture": "#2"},
				"up": {"uv": [0, 0, 16, 16], "texture": "#2"},
				"down": {"uv": [0, 0, 16, 16], "texture": "#2"}
			}
		},
		{
			"name": "hexadecagon",
			"from": [7.10489, 25.0625, 3.5],
			"to": [8.89511, 26.0625, 12.5],
			"rotation": {"angle": -22.5, "axis": "y", "origin": [8, 25.5625, 8]},
			"faces": {
				"north": {"uv": [0, 0, 16, 16], "texture": "#2"},
				"east": {"uv": [0, 0, 16, 16], "texture": "#2"},
				"south": {"uv": [0, 0, 16, 16], "texture": "#2"},
				"west": {"uv": [0, 0, 16, 16], "texture": "#2"},
				"up": {"uv": [0, 0, 16, 16], "texture": "#2"},
				"down": {"uv": [0, 0, 16, 16], "texture": "#2"}
			}
		},
		{
			"name": "hexadecagon",
			"from": [7.10489, 25.0625, 3.5],
			"to": [8.89511, 26.0625, 12.5],
			"rotation": {"angle": 0, "axis": "y", "origin": [8, 25.5625, 8]},
			"faces": {
				"north": {"uv": [0, 0, 16, 16], "texture": "#2"},
				"east": {"uv": [0, 0, 16, 16], "texture": "#2"},
				"south": {"uv": [0, 0, 16, 16], "texture": "#2"},
				"west": {"uv": [0, 0, 16, 16], "texture": "#2"},
				"up": {"uv": [0, 0, 16, 16], "texture": "#2"},
				"down": {"uv": [0, 0, 16, 16], "texture": "#2"}
			}
		},
		{
			"name": "hexadecagon",
			"from": [7.10489, 25.0625, 3.5],
			"to": [8.89511, 26.0625, 12.5],
			"rotation": {"angle": 22.5, "axis": "y", "origin": [8, 25.5625, 8]},
			"faces": {
				"north": {"uv": [0, 0, 16, 16], "texture": "#2"},
				"east": {"uv": [0, 0, 16, 16], "texture": "#2"},
				"south": {"uv": [0, 0, 16, 16], "texture": "#2"},
				"west": {"uv": [0, 0, 16, 16], "texture": "#2"},
				"up": {"uv": [0, 0, 16, 16], "texture": "#2"},
				"down": {"uv": [0, 0, 16, 16], "texture": "#2"}
			}
		},
		{
			"name": "hexadecagon",
			"from": [7.10489, 25.0625, 3.5],
			"to": [8.89511, 26.0625, 12.5],
			"rotation": {"angle": 45, "axis": "y", "origin": [8, 25.5625, 8]},
			"faces": {
				"north": {"uv": [0, 0, 16, 16], "texture": "#2"},
				"east": {"uv": [0, 0, 16, 16], "texture": "#2"},
				"south": {"uv": [0, 0, 16, 16], "texture": "#2"},
				"west": {"uv": [0, 0, 16, 16], "texture": "#2"},
				"up": {"uv": [0, 0, 16, 16], "texture": "#2"},
				"down": {"uv": [0, 0, 16, 16], "texture": "#2"}
			}
		},
		{
			"name": "hexadecagon",
			"from": [3.5, 25.0625, 7.10489],
			"to": [12.5, 26.0625, 8.89511],
			"rotation": {"angle": -22.5, "axis": "y", "origin": [8, 25.5625, 8]},
			"faces": {
				"north": {"uv": [0, 0, 16, 16], "texture": "#2"},
				"east": {"uv": [0, 0, 16, 16], "texture": "#2"},
				"south": {"uv": [0, 0, 16, 16], "texture": "#2"},
				"west": {"uv": [0, 0, 16, 16], "texture": "#2"},
				"up": {"uv": [0, 0, 16, 16], "texture": "#2"},
				"down": {"uv": [0, 0, 16, 16], "texture": "#2"}
			}
		},
		{
			"name": "hexadecagon",
			"from": [3.5, 25.0625, 7.10489],
			"to": [12.5, 26.0625, 8.89511],
			"rotation": {"angle": 0, "axis": "y", "origin": [8, 25.5625, 8]},
			"faces": {
				"north": {"uv": [0, 0, 16, 16], "texture": "#2"},
				"east": {"uv": [0, 0, 16, 16], "texture": "#2"},
				"south": {"uv": [0, 0, 16, 16], "texture": "#2"},
				"west": {"uv": [0, 0, 16, 16], "texture": "#2"},
				"up": {"uv": [0, 0, 16, 16], "texture": "#2"},
				"down": {"uv": [0, 0, 16, 16], "texture": "#2"}
			}
		},
		{
			"name": "hexadecagon",
			"from": [3.5, 25.0625, 7.10489],
			"to": [12.5, 26.0625, 8.89511],
			"rotation": {"angle": 22.5, "axis": "y", "origin": [8, 25.5625, 8]},
			"faces": {
				"north": {"uv": [0, 0, 16, 16], "texture": "#2"},
				"east": {"uv": [0, 0, 16, 16], "texture": "#2"},
				"south": {"uv": [0, 0, 16, 16], "texture": "#2"},
				"west": {"uv": [0, 0, 16, 16], "texture": "#2"},
				"up": {"uv": [0, 0, 16, 16], "texture": "#2"},
				"down": {"uv": [0, 0, 16, 16], "texture": "#2"}
			}
		},
		{
			"name": "hexadecagon",
			"from": [7.40326, 25.875, 5],
			"to": [8.59674, 26.875, 11],
			"rotation": {"angle": -45, "axis": "y", "origin": [8, 26.375, 8]},
			"faces": {
				"north": {"uv": [0, 0, 16, 16], "texture": "#2"},
				"east": {"uv": [0, 0, 16, 16], "texture": "#2"},
				"south": {"uv": [0, 0, 16, 16], "texture": "#2"},
				"west": {"uv": [0, 0, 16, 16], "texture": "#2"},
				"up": {"uv": [0, 0, 16, 16], "texture": "#2"},
				"down": {"uv": [0, 0, 16, 16], "texture": "#2"}
			}
		},
		{
			"name": "hexadecagon",
			"from": [7.40326, 25.875, 5],
			"to": [8.59674, 26.875, 11],
			"rotation": {"angle": -22.5, "axis": "y", "origin": [8, 26.375, 8]},
			"faces": {
				"north": {"uv": [0, 0, 16, 16], "texture": "#2"},
				"east": {"uv": [0, 0, 16, 16], "texture": "#2"},
				"south": {"uv": [0, 0, 16, 16], "texture": "#2"},
				"west": {"uv": [0, 0, 16, 16], "texture": "#2"},
				"up": {"uv": [0, 0, 16, 16], "texture": "#2"},
				"down": {"uv": [0, 0, 16, 16], "texture": "#2"}
			}
		},
		{
			"name": "hexadecagon",
			"from": [7.40326, 25.875, 5],
			"to": [8.59674, 26.875, 11],
			"rotation": {"angle": 0, "axis": "y", "origin": [8, 26.375, 8]},
			"faces": {
				"north": {"uv": [0, 0, 16, 16], "texture": "#2"},
				"east": {"uv": [0, 0, 16, 16], "texture": "#2"},
				"south": {"uv": [0, 0, 16, 16], "texture": "#2"},
				"west": {"uv": [0, 0, 16, 16], "texture": "#2"},
				"up": {"uv": [0, 0, 16, 16], "texture": "#2"},
				"down": {"uv": [0, 0, 16, 16], "texture": "#2"}
			}
		},
		{
			"name": "hexadecagon",
			"from": [7.40326, 25.875, 5],
			"to": [8.59674, 26.875, 11],
			"rotation": {"angle": 22.5, "axis": "y", "origin": [8, 26.375, 8]},
			"faces": {
				"north": {"uv": [0, 0, 16, 16], "texture": "#2"},
				"east": {"uv": [0, 0, 16, 16], "texture": "#2"},
				"south": {"uv": [0, 0, 16, 16], "texture": "#2"},
				"west": {"uv": [0, 0, 16, 16], "texture": "#2"},
				"up": {"uv": [0, 0, 16, 16], "texture": "#2"},
				"down": {"uv": [0, 0, 16, 16], "texture": "#2"}
			}
		},
		{
			"name": "hexadecagon",
			"from": [7.40326, 25.875, 5],
			"to": [8.59674, 26.875, 11],
			"rotation": {"angle": 45, "axis": "y", "origin": [8, 26.375, 8]},
			"faces": {
				"north": {"uv": [0, 0, 16, 16], "texture": "#2"},
				"east": {"uv": [0, 0, 16, 16], "texture": "#2"},
				"south": {"uv": [0, 0, 16, 16], "texture": "#2"},
				"west": {"uv": [0, 0, 16, 16], "texture": "#2"},
				"up": {"uv": [0, 0, 16, 16], "texture": "#2"},
				"down": {"uv": [0, 0, 16, 16], "texture": "#2"}
			}
		},
		{
			"name": "hexadecagon",
			"from": [5, 25.875, 7.40326],
			"to": [11, 26.875, 8.59674],
			"rotation": {"angle": -22.5, "axis": "y", "origin": [8, 26.375, 8]},
			"faces": {
				"north": {"uv": [0, 0, 16, 16], "texture": "#2"},
				"east": {"uv": [0, 0, 16, 16], "texture": "#2"},
				"south": {"uv": [0, 0, 16, 16], "texture": "#2"},
				"west": {"uv": [0, 0, 16, 16], "texture": "#2"},
				"up": {"uv": [0, 0, 16, 16], "texture": "#2"},
				"down": {"uv": [0, 0, 16, 16], "texture": "#2"}
			}
		},
		{
			"name": "hexadecagon",
			"from": [5, 25.875, 7.40326],
			"to": [11, 26.875, 8.59674],
			"rotation": {"angle": 0, "axis": "y", "origin": [8, 26.375, 8]},
			"faces": {
				"north": {"uv": [0, 0, 16, 16], "texture": "#2"},
				"east": {"uv": [0, 0, 16, 16], "texture": "#2"},
				"south": {"uv": [0, 0, 16, 16], "texture": "#2"},
				"west": {"uv": [0, 0, 16, 16], "texture": "#2"},
				"up": {"uv": [0, 0, 16, 16], "texture": "#2"},
				"down": {"uv": [0, 0, 16, 16], "texture": "#2"}
			}
		},
		{
			"name": "hexadecagon",
			"from": [5, 25.875, 7.40326],
			"to": [11, 26.875, 8.59674],
			"rotation": {"angle": 22.5, "axis": "y", "origin": [8, 26.375, 8]},
			"faces": {
				"north": {"uv": [0, 0, 16, 16], "texture": "#2"},
				"east": {"uv": [0, 0, 16, 16], "texture": "#2"},
				"south": {"uv": [0, 0, 16, 16], "texture": "#2"},
				"west": {"uv": [0, 0, 16, 16], "texture": "#2"},
				"up": {"uv": [0, 0, 16, 16], "texture": "#2"},
				"down": {"uv": [0, 0, 16, 16], "texture": "#2"}
			}
		},
		{
			"name": "hexadecagon",
			"from": [7.80109, 26.875, 7],
			"to": [8.19891, 29.875, 9],
			"rotation": {"angle": -45, "axis": "y", "origin": [8, 28.375, 8]},
			"faces": {
				"north": {"uv": [0, 0, 16, 16], "texture": "#0"},
				"east": {"uv": [0, 0, 16, 16], "texture": "#0"},
				"south": {"uv": [0, 0, 16, 16], "texture": "#0"},
				"west": {"uv": [0, 0, 16, 16], "texture": "#0"},
				"up": {"uv": [0, 0, 16, 16], "texture": "#0"},
				"down": {"uv": [0, 0, 16, 16], "texture": "#0"}
			}
		},
		{
			"name": "hexadecagon",
			"from": [7.80109, 26.875, 7],
			"to": [8.19891, 29.875, 9],
			"rotation": {"angle": -22.5, "axis": "y", "origin": [8, 28.375, 8]},
			"faces": {
				"north": {"uv": [0, 0, 16, 16], "texture": "#0"},
				"east": {"uv": [0, 0, 16, 16], "texture": "#0"},
				"south": {"uv": [0, 0, 16, 16], "texture": "#0"},
				"west": {"uv": [0, 0, 16, 16], "texture": "#0"},
				"up": {"uv": [0, 0, 16, 16], "texture": "#0"},
				"down": {"uv": [0, 0, 16, 16], "texture": "#0"}
			}
		},
		{
			"name": "hexadecagon",
			"from": [7.80109, 26.875, 7],
			"to": [8.19891, 29.875, 9],
			"rotation": {"angle": 0, "axis": "y", "origin": [8, 28.375, 8]},
			"faces": {
				"north": {"uv": [0, 0, 16, 16], "texture": "#0"},
				"east": {"uv": [0, 0, 16, 16], "texture": "#0"},
				"south": {"uv": [0, 0, 16, 16], "texture": "#0"},
				"west": {"uv": [0, 0, 16, 16], "texture": "#0"},
				"up": {"uv": [0, 0, 16, 16], "texture": "#0"},
				"down": {"uv": [0, 0, 16, 16], "texture": "#0"}
			}
		},
		{
			"name": "hexadecagon",
			"from": [7.80109, 26.875, 7],
			"to": [8.19891, 29.875, 9],
			"rotation": {"angle": 22.5, "axis": "y", "origin": [8, 28.375, 8]},
			"faces": {
				"north": {"uv": [0, 0, 16, 16], "texture": "#0"},
				"east": {"uv": [0, 0, 16, 16], "texture": "#0"},
				"south": {"uv": [0, 0, 16, 16], "texture": "#0"},
				"west": {"uv": [0, 0, 16, 16], "texture": "#0"},
				"up": {"uv": [0, 0, 16, 16], "texture": "#0"},
				"down": {"uv": [0, 0, 16, 16], "texture": "#0"}
			}
		},
		{
			"name": "hexadecagon",
			"from": [7.80109, 26.875, 7],
			"to": [8.19891, 29.875, 9],
			"rotation": {"angle": 45, "axis": "y", "origin": [8, 28.375, 8]},
			"faces": {
				"north": {"uv": [0, 0, 16, 16], "texture": "#0"},
				"east": {"uv": [0, 0, 16, 16], "texture": "#0"},
				"south": {"uv": [0, 0, 16, 16], "texture": "#0"},
				"west": {"uv": [0, 0, 16, 16], "texture": "#0"},
				"up": {"uv": [0, 0, 16, 16], "texture": "#0"},
				"down": {"uv": [0, 0, 16, 16], "texture": "#0"}
			}
		},
		{
			"name": "hexadecagon",
			"from": [7, 26.875, 7.80109],
			"to": [9, 29.875, 8.19891],
			"rotation": {"angle": -22.5, "axis": "y", "origin": [8, 28.375, 8]},
			"faces": {
				"north": {"uv": [0, 0, 16, 16], "texture": "#0"},
				"east": {"uv": [0, 0, 16, 16], "texture": "#0"},
				"south": {"uv": [0, 0, 16, 16], "texture": "#0"},
				"west": {"uv": [0, 0, 16, 16], "texture": "#0"},
				"up": {"uv": [0, 0, 16, 16], "texture": "#0"},
				"down": {"uv": [0, 0, 16, 16], "texture": "#0"}
			}
		},
		{
			"name": "hexadecagon",
			"from": [7, 26.875, 7.80109],
			"to": [9, 29.875, 8.19891],
			"rotation": {"angle": 0, "axis": "y", "origin": [8, 28.375, 8]},
			"faces": {
				"north": {"uv": [0, 0, 16, 16], "texture": "#0"},
				"east": {"uv": [0, 0, 16, 16], "texture": "#0"},
				"south": {"uv": [0, 0, 16, 16], "texture": "#0"},
				"west": {"uv": [0, 0, 16, 16], "texture": "#0"},
				"up": {"uv": [0, 0, 16, 16], "texture": "#0"},
				"down": {"uv": [0, 0, 16, 16], "texture": "#0"}
			}
		},
		{
			"name": "hexadecagon",
			"from": [7, 26.875, 7.80109],
			"to": [9, 29.875, 8.19891],
			"rotation": {"angle": 22.5, "axis": "y", "origin": [8, 28.375, 8]},
			"faces": {
				"north": {"uv": [0, 0, 16, 16], "texture": "#0"},
				"east": {"uv": [0, 0, 16, 16], "texture": "#0"},
				"south": {"uv": [0, 0, 16, 16], "texture": "#0"},
				"west": {"uv": [0, 0, 16, 16], "texture": "#0"},
				"up": {"uv": [0, 0, 16, 16], "texture": "#0"},
				"down": {"uv": [0, 0, 16, 16], "texture": "#0"}
			}
		},
		{
			"name": "hexadecagon",
			"from": [11.3462, -11, 14.1875],
			"to": [12.6538, -4.5, 20],
			"rotation": {"angle": 45, "axis": "y", "origin": [12, -7.5, 12]},
			"faces": {
				"north": {"uv": [0, 0, 16, 16], "texture": "#1"},
				"east": {"uv": [0, 0, 16, 16], "texture": "#1"},
				"south": {"uv": [0, 0, 16, 16], "texture": "#1"},
				"west": {"uv": [0, 0, 16, 16], "texture": "#1"},
				"up": {"uv": [0, 0, 16, 16], "texture": "#1"},
				"down": {"uv": [0, 0, 16, 16], "texture": "#1"}
			}
		},
		{
			"name": "hexadecagon",
			"from": [-2.30442, -11, 14.94803],
			"to": [3.50808, -4.5, 16.25562],
			"rotation": {"angle": 45, "axis": "y", "origin": [0.60183, -7.75, 15.60183]},
			"faces": {
				"north": {"uv": [0, 0, 16, 16], "texture": "#1"},
				"east": {"uv": [0, 0, 16, 16], "texture": "#1"},
				"south": {"uv": [0, 0, 16, 16], "texture": "#1"},
				"west": {"uv": [0, 0, 16, 16], "texture": "#1"},
				"up": {"uv": [0, 0, 16, 16], "texture": "#1"},
				"down": {"uv": [0, 0, 16, 16], "texture": "#1"}
			}
		},
		{
			"name": "hexadecagon",
			"from": [-0.05197, -11, -2.30442],
			"to": [1.25562, -4.5, 3.50808],
			"rotation": {"angle": 45, "axis": "y", "origin": [0.60183, -7.75, 0.60183]},
			"faces": {
				"north": {"uv": [0, 0, 16, 16], "texture": "#1"},
				"east": {"uv": [0, 0, 16, 16], "texture": "#1"},
				"south": {"uv": [0, 0, 16, 16], "texture": "#1"},
				"west": {"uv": [0, 0, 16, 16], "texture": "#1"},
				"up": {"uv": [0, 0, 16, 16], "texture": "#1"},
				"down": {"uv": [0, 0, 16, 16], "texture": "#1"}
			}
		},
		{
			"name": "hexadecagon",
			"from": [12.69558, -11, -0.05197],
			"to": [18.50808, -4.5, 1.25562],
			"rotation": {"angle": 45, "axis": "y", "origin": [15.60183, -7.75, 0.60183]},
			"faces": {
				"north": {"uv": [0, 0, 16, 16], "texture": "#1"},
				"east": {"uv": [0, 0, 16, 16], "texture": "#1"},
				"south": {"uv": [0, 0, 16, 16], "texture": "#1"},
				"west": {"uv": [0, 0, 16, 16], "texture": "#1"},
				"up": {"uv": [0, 0, 16, 16], "texture": "#1"},
				"down": {"uv": [0, 0, 16, 16], "texture": "#1"}
			}
		}
	],
	"display": {
		"thirdperson_righthand": {
			"scale": [0.32, 0.33, 0.33]
		},
		"thirdperson_lefthand": {
			"scale": [0.33, 0.33, 0.33]
		},
		"firstperson_righthand": {
			"scale": [0.33, 0.33, 0.33]
		},
		"firstperson_lefthand": {
			"scale": [0.33, 0.33, 0.33]
		},
		"ground": {
			"scale": [0.33, 0.33, 0.33]
		},
		"gui": {
			"rotation": [-31, -14, 0],
			"scale": [0.33, 0.33, 0.33]
		},
		"head": {
			"translation": [0, 13.25, 0],
			"scale": [0.33, 0.33, 0.33]
		},
		"fixed": {
			"translation": [0, 0, -3.25],
			"scale": [0.33, 0.33, 0.33]
		}
	},
	"groups": [
		{
			"name": "hexadecagon",
			"origin": [8, 8, 8],
			"children": [0, 1, 2, 3, 4, 5, 6, 7]
		},
		{
			"name": "hexadecagon",
			"origin": [8, 8, 8],
			"children": [8, 9, 10, 11, 12, 13, 14, 15, 16, 17, 18, 19, 20, 21, 22, 23]
		},
		{
			"name": "hexadecagon",
			"origin": [8, 8, 8],
			"children": [24, 25, 26, 27, 28, 29, 30, 31, 32, 33, 34, 35, 36, 37, 38, 39]
		},
		{
			"name": "hexadecagon",
			"origin": [8, 8, 8],
			"children": [40, 41, 42, 43, 44, 45, 46, 47, 48, 49, 50, 51, 52, 53, 54, 55]
		},
		{
			"name": "hexadecagon",
			"origin": [8, 8, 8],
			"children": [56, 57, 58, 59, 60, 61, 62, 63, 64, 65, 66, 67, 68, 69, 70, 71]
		},
		{
			"name": "hexadecagon",
			"origin": [8, 8, 8],
			"children": [72, 73, 74, 75, 76, 77, 78, 79, 80, 81, 82, 83, 84, 85, 86, 87]
		},
		{
			"name": "hexadecagon",
			"origin": [8, 8, 8],
			"children": [88, 89, 90, 91, 92, 93, 94, 95]
		},
		{
			"name": "hexadecagon",
			"origin": [8, 8, 8],
			"children": [96, 97, 98, 99, 100, 101, 102, 103]
		},
		{
			"name": "hexadecagon",
			"origin": [8, 8, 8],
			"children": [104, 105, 106, 107, 108, 109, 110, 111]
		}, 112, 113, 114, 115]
}