{
	"credit": "Made with Blockbench",
	"textures": {
		"2": "nuclear_craft:block/cloth_texture_black",
		"3": "nuclear_craft:block/iron_texture_black",
		"4": "nuclear_craft:block/plastic2_white",
		"5": "nuclear_craft:block/plastic2_red",
		"6": "nuclear_craft:block/plastic2_black",
		"7": "nuclear_craft:block/plastic2_green",
		"8": "nuclear_craft:block/plastic1_red"
	},
	"elements": [
		{
			"name": "main_body",
			"from": [1.04062, 0.375, 7.93854],
			"to": [15.04062, 3.625, 8.18854],
			"rotation": {"angle": 0, "axis": "y", "origin": [7.92708, 3.46771, 8.19896]},
			"faces": {
				"north": {"uv": [0, 0, 1.938, 16], "texture": "#8"},
				"east": {"uv": [0, 0, 1.938, 16], "texture": "#8"},
				"south": {"uv": [0, 0, 1.938, 16], "texture": "#8"},
				"west": {"uv": [0, 0, 1.938, 16], "texture": "#8"},
				"up": {"uv": [0, 0, 1.938, 16], "rotation": 270, "texture": "#8"},
				"down": {"uv": [0, 0, 1.938, 16], "rotation": 90, "texture": "#8"}
			}
		},
		{
			"name": "main_body",
			"from": [1.04062, 0, 4.12604],
			"to": [15.04062, 4, 7.93854],
			"rotation": {"angle": 0, "axis": "y", "origin": [7.92708, 3.46771, 8.19896]},
			"faces": {
				"north": {"uv": [0, 0, 14, 4], "texture": "#8"},
				"east": {"uv": [0, 0, 3.8125, 4], "texture": "#8"},
				"south": {"uv": [0, 0, 14, 4], "texture": "#8"},
				"west": {"uv": [0, 0, 3.8125, 4], "texture": "#8"},
				"up": {"uv": [0, 0, 16, 16], "rotation": 270, "texture": "#8"},
				"down": {"uv": [0, 0, 3.8125, 14], "rotation": 90, "texture": "#8"}
			}
		},
		{
			"name": "main_body",
			"from": [1.04062, 0, 8.18854],
			"to": [15.04062, 4, 12.00104],
			"rotation": {"angle": 0, "axis": "y", "origin": [7.92708, 3.46771, 8.19896]},
			"faces": {
				"north": {"uv": [0, 0, 14, 4], "texture": "#8"},
				"east": {"uv": [0, 0, 3.8125, 4], "texture": "#8"},
				"south": {"uv": [0, 0, 14, 4], "texture": "#8"},
				"west": {"uv": [0, 0, 3.8125, 4], "texture": "#8"},
				"up": {"uv": [0, 0, 16, 16], "rotation": 270, "texture": "#8"},
				"down": {"uv": [0, 0, 3.8125, 14], "rotation": 90, "texture": "#8"}
			}
		},
		{
			"name": "input_main",
			"from": [4.47812, 4, 5.00104],
			"to": [8.60312, 4.3125, 11.18854],
			"rotation": {"angle": 0, "axis": "y", "origin": [7.92708, 3.46771, 8.19896]},
			"faces": {
				"north": {"uv": [0, 0, 4.125, 0.3125], "texture": "#3"},
				"east": {"uv": [0, 0, 6.1875, 0.3125], "texture": "#3"},
				"south": {"uv": [0, 0, 4.125, 0.3125], "texture": "#3"},
				"west": {"uv": [0, 0, 6.1875, 0.3125], "texture": "#3"},
				"up": {"uv": [0, 0, 16, 16], "rotation": 270, "texture": "#3"},
				"down": {"uv": [0, 0, 6.1875, 4.125], "rotation": 90, "texture": "#3"}
			}
		},
		{
			"name": "screen",
			"from": [5.04062, 4.3125, 5.75104],
			"to": [8.04062, 4.4375, 7.06354],
			"rotation": {"angle": 0, "axis": "y", "origin": [7.92708, 3.46771, 8.19896]},
			"faces": {
				"north": {"uv": [0, 0, 16, 16], "texture": "#7"},
				"east": {"uv": [0, 0, 16, 16], "texture": "#7"},
				"south": {"uv": [0, 0, 16, 16], "texture": "#7"},
				"west": {"uv": [0, 0, 16, 16], "texture": "#7"},
				"up": {"uv": [0, 0, 16, 16], "rotation": 270, "texture": "#7"},
				"down": {"uv": [0, 0, 16, 16], "rotation": 90, "texture": "#7"}
			}
		},
		{
			"name": "botton",
			"from": [5.16562, 4.3125, 7.56354],
			"to": [5.54062, 4.4375, 8.06354],
			"rotation": {"angle": 0, "axis": "y", "origin": [7.92708, 3.46771, 8.19896]},
			"faces": {
				"north": {"uv": [0, 0, 0.375, 0.125], "texture": "#4"},
				"east": {"uv": [0, 0, 0.5, 0.125], "texture": "#4"},
				"south": {"uv": [0, 0, 0.375, 0.125], "texture": "#4"},
				"west": {"uv": [0, 0, 0.5, 0.125], "texture": "#4"},
				"up": {"uv": [0, 0, 0.5, 0.375], "rotation": 270, "texture": "#4"},
				"down": {"uv": [0, 0, 0.5, 0.375], "rotation": 90, "texture": "#4"}
			}
		},
		{
			"name": "botton",
			"from": [5.16562, 4.3125, 8.62604],
			"to": [5.54062, 4.4375, 9.12604],
			"rotation": {"angle": 0, "axis": "y", "origin": [7.92708, 3.46771, 8.19896]},
			"faces": {
				"north": {"uv": [0, 0, 0.375, 0.125], "texture": "#4"},
				"east": {"uv": [0, 0, 0.5, 0.125], "texture": "#4"},
				"south": {"uv": [0, 0, 0.375, 0.125], "texture": "#4"},
				"west": {"uv": [0, 0, 0.5, 0.125], "texture": "#4"},
				"up": {"uv": [0, 0, 0.5, 0.375], "rotation": 270, "texture": "#4"},
				"down": {"uv": [0, 0, 0.5, 0.375], "rotation": 90, "texture": "#4"}
			}
		},
		{
			"name": "botton",
			"from": [5.16562, 4.3125, 9.62604],
			"to": [5.54062, 4.4375, 10.12604],
			"rotation": {"angle": 0, "axis": "y", "origin": [7.92708, 3.46771, 8.19896]},
			"faces": {
				"north": {"uv": [0, 0, 0.375, 0.125], "texture": "#4"},
				"east": {"uv": [0, 0, 0.5, 0.125], "texture": "#4"},
				"south": {"uv": [0, 0, 0.375, 0.125], "texture": "#4"},
				"west": {"uv": [0, 0, 0.5, 0.125], "texture": "#4"},
				"up": {"uv": [0, 0, 0.5, 0.375], "rotation": 270, "texture": "#4"},
				"down": {"uv": [0, 0, 0.5, 0.375], "rotation": 90, "texture": "#4"}
			}
		},
		{
			"name": "botton",
			"from": [5.72812, 4.3125, 7.56354],
			"to": [6.10312, 4.4375, 8.06354],
			"rotation": {"angle": 0, "axis": "y", "origin": [7.92708, 3.46771, 8.19896]},
			"faces": {
				"north": {"uv": [0, 0, 0.375, 0.125], "texture": "#4"},
				"east": {"uv": [0, 0, 0.5, 0.125], "texture": "#4"},
				"south": {"uv": [0, 0, 0.375, 0.125], "texture": "#4"},
				"west": {"uv": [0, 0, 0.5, 0.125], "texture": "#4"},
				"up": {"uv": [0, 0, 0.5, 0.375], "rotation": 270, "texture": "#4"},
				"down": {"uv": [0, 0, 0.5, 0.375], "rotation": 90, "texture": "#4"}
			}
		},
		{
			"name": "botton",
			"from": [5.72812, 4.3125, 8.62604],
			"to": [6.10312, 4.4375, 9.12604],
			"rotation": {"angle": 0, "axis": "y", "origin": [7.92708, 3.46771, 8.19896]},
			"faces": {
				"north": {"uv": [0, 0, 0.375, 0.125], "texture": "#4"},
				"east": {"uv": [0, 0, 0.5, 0.125], "texture": "#4"},
				"south": {"uv": [0, 0, 0.375, 0.125], "texture": "#4"},
				"west": {"uv": [0, 0, 0.5, 0.125], "texture": "#4"},
				"up": {"uv": [0, 0, 0.5, 0.375], "rotation": 270, "texture": "#4"},
				"down": {"uv": [0, 0, 0.5, 0.375], "rotation": 90, "texture": "#4"}
			}
		},
		{
			"name": "botton",
			"from": [6.72812, 4.3125, 9.62604],
			"to": [7.35312, 4.4375, 10.12604],
			"rotation": {"angle": 0, "axis": "y", "origin": [7.92708, 3.46771, 8.19896]},
			"faces": {
				"north": {"uv": [0, 0, 0.625, 0.125], "texture": "#5"},
				"east": {"uv": [0, 0, 0.5, 0.125], "texture": "#5"},
				"south": {"uv": [0, 0, 0.625, 0.125], "texture": "#5"},
				"west": {"uv": [0, 0, 0.5, 0.125], "texture": "#5"},
				"up": {"uv": [0, 0, 0.5, 0.625], "rotation": 270, "texture": "#5"},
				"down": {"uv": [0, 0, 0.5, 0.625], "rotation": 90, "texture": "#5"}
			}
		},
		{
			"name": "botton",
			"from": [6.35312, 4.3125, 7.56354],
			"to": [6.72812, 4.4375, 8.06354],
			"rotation": {"angle": 0, "axis": "y", "origin": [7.92708, 3.46771, 8.19896]},
			"faces": {
				"north": {"uv": [0, 0, 0.375, 0.125], "texture": "#4"},
				"east": {"uv": [0, 0, 0.5, 0.125], "texture": "#4"},
				"south": {"uv": [0, 0, 0.375, 0.125], "texture": "#4"},
				"west": {"uv": [0, 0, 0.5, 0.125], "texture": "#4"},
				"up": {"uv": [0, 0, 0.5, 0.375], "rotation": 270, "texture": "#4"},
				"down": {"uv": [0, 0, 0.5, 0.375], "rotation": 90, "texture": "#4"}
			}
		},
		{
			"name": "botton",
			"from": [6.35312, 4.3125, 8.62604],
			"to": [6.72812, 4.4375, 9.12604],
			"rotation": {"angle": 0, "axis": "y", "origin": [7.92708, 3.46771, 8.19896]},
			"faces": {
				"north": {"uv": [0, 0, 0.375, 0.125], "texture": "#4"},
				"east": {"uv": [0, 0, 0.5, 0.125], "texture": "#4"},
				"south": {"uv": [0, 0, 0.375, 0.125], "texture": "#4"},
				"west": {"uv": [0, 0, 0.5, 0.125], "texture": "#4"},
				"up": {"uv": [0, 0, 0.5, 0.375], "rotation": 270, "texture": "#4"},
				"down": {"uv": [0, 0, 0.5, 0.375], "rotation": 90, "texture": "#4"}
			}
		},
		{
			"name": "botton",
			"from": [5.79062, 4.3125, 9.62604],
			"to": [6.41562, 4.4375, 10.12604],
			"rotation": {"angle": 0, "axis": "y", "origin": [7.92708, 3.46771, 8.19896]},
			"faces": {
				"north": {"uv": [0, 0, 0.625, 0.125], "texture": "#7"},
				"east": {"uv": [0, 0, 0.5, 0.125], "texture": "#7"},
				"south": {"uv": [0, 0, 0.625, 0.125], "texture": "#7"},
				"west": {"uv": [0, 0, 0.5, 0.125], "texture": "#7"},
				"up": {"uv": [0, 0, 0.5, 0.625], "rotation": 270, "texture": "#7"},
				"down": {"uv": [0, 0, 0.5, 0.625], "rotation": 90, "texture": "#7"}
			}
		},
		{
			"name": "botton",
			"from": [6.97812, 4.3125, 7.56354],
			"to": [7.35312, 4.4375, 8.06354],
			"rotation": {"angle": 0, "axis": "y", "origin": [7.92708, 3.46771, 8.19896]},
			"faces": {
				"north": {"uv": [0, 0, 0.375, 0.125], "texture": "#4"},
				"east": {"uv": [0, 0, 0.5, 0.125], "texture": "#4"},
				"south": {"uv": [0, 0, 0.375, 0.125], "texture": "#4"},
				"west": {"uv": [0, 0, 0.5, 0.125], "texture": "#4"},
				"up": {"uv": [0, 0, 0.5, 0.375], "rotation": 270, "texture": "#4"},
				"down": {"uv": [0, 0, 0.5, 0.375], "rotation": 90, "texture": "#4"}
			}
		},
		{
			"name": "botton",
			"from": [6.97812, 4.3125, 8.62604],
			"to": [7.35312, 4.4375, 9.12604],
			"rotation": {"angle": 0, "axis": "y", "origin": [7.92708, 3.46771, 8.19896]},
			"faces": {
				"north": {"uv": [0, 0, 0.375, 0.125], "texture": "#4"},
				"east": {"uv": [0, 0, 0.5, 0.125], "texture": "#4"},
				"south": {"uv": [0, 0, 0.375, 0.125], "texture": "#4"},
				"west": {"uv": [0, 0, 0.5, 0.125], "texture": "#4"},
				"up": {"uv": [0, 0, 0.5, 0.375], "rotation": 270, "texture": "#4"},
				"down": {"uv": [0, 0, 0.5, 0.375], "rotation": 90, "texture": "#4"}
			}
		},
		{
			"name": "bundle",
			"from": [1.97812, -0.125, 4.00104],
			"to": [3.85312, 4.125, 4.12604],
			"rotation": {"angle": 0, "axis": "y", "origin": [7.92708, 3.46771, 8.19896]},
			"faces": {
				"north": {"uv": [0, 0, 8.938, 4.563], "rotation": 270, "texture": "#2"},
				"east": {"uv": [0, 0, 4.25, 0.125], "rotation": 270, "texture": "#2"},
				"south": {"uv": [0, 0, 4.25, 1.875], "rotation": 270, "texture": "#2"},
				"west": {"uv": [0, 0, 4.25, 0.125], "rotation": 90, "texture": "#2"},
				"up": {"uv": [0, 0, 1.875, 0.125], "rotation": 180, "texture": "#2"},
				"down": {"uv": [0, 0, 1.875, 0.125], "texture": "#2"}
			}
		},
		{
			"name": "bundle",
			"from": [1.97812, -0.125, 12.00104],
			"to": [3.85312, 4.125, 12.12604],
			"rotation": {"angle": 0, "axis": "y", "origin": [7.92708, 3.46771, 8.19896]},
			"faces": {
				"north": {"uv": [0, 0, 4.25, 1.875], "rotation": 270, "texture": "#2"},
				"east": {"uv": [0, 0, 4.25, 0.125], "rotation": 270, "texture": "#2"},
				"south": {"uv": [0, 0, 9.75, 3.875], "rotation": 270, "texture": "#2"},
				"west": {"uv": [0, 0, 4.25, 0.125], "rotation": 90, "texture": "#2"},
				"up": {"uv": [0, 0, 1.875, 0.125], "rotation": 180, "texture": "#2"},
				"down": {"uv": [0, 0, 1.875, 0.125], "texture": "#2"}
			}
		},
		{
			"name": "bundle",
			"from": [1.97812, 4, 4.12604],
			"to": [3.85312, 4.125, 12.00104],
			"rotation": {"angle": 0, "axis": "y", "origin": [7.92708, 3.46771, 8.19896]},
			"faces": {
				"north": {"uv": [0, 0, 1.875, 0.125], "texture": "#2"},
				"east": {"uv": [0, 0, 7.875, 0.125], "texture": "#2"},
				"south": {"uv": [0, 0, 1.875, 0.125], "texture": "#2"},
				"west": {"uv": [0, 0, 7.875, 0.125], "texture": "#2"},
				"up": {"uv": [0, 0, 16, 3.688], "rotation": 270, "texture": "#2"},
				"down": {"uv": [0, 0, 7.875, 1.875], "rotation": 90, "texture": "#2"}
			}
		},
		{
			"name": "bundle",
			"from": [1.97812, -0.125, 4.12604],
			"to": [3.85312, 0, 12.00104],
			"rotation": {"angle": 0, "axis": "y", "origin": [7.92708, 3.46771, 8.19896]},
			"faces": {
				"north": {"uv": [0, 0, 1.875, 0.125], "texture": "#2"},
				"east": {"uv": [0, 0, 7.875, 0.125], "texture": "#2"},
				"south": {"uv": [0, 0, 1.875, 0.125], "texture": "#2"},
				"west": {"uv": [0, 0, 7.875, 0.125], "texture": "#2"},
				"up": {"uv": [0, 0, 7.875, 1.875], "rotation": 270, "texture": "#2"},
				"down": {"uv": [0, 0, 16, 3.938], "rotation": 90, "texture": "#2"}
			}
		},
		{
			"name": "bundle",
			"from": [9.16562, -0.125, 4.00104],
			"to": [11.04062, 4.125, 4.12604],
			"rotation": {"angle": 0, "axis": "y", "origin": [7.92708, 3.46771, 8.19896]},
			"faces": {
				"north": {"uv": [0, 0, 8.063, 4.438], "rotation": 270, "texture": "#2"},
				"east": {"uv": [0, 0, 4.25, 0.125], "rotation": 270, "texture": "#2"},
				"south": {"uv": [0, 0, 4.25, 1.875], "rotation": 270, "texture": "#2"},
				"west": {"uv": [0, 0, 4.25, 0.125], "rotation": 90, "texture": "#2"},
				"up": {"uv": [0, 0, 1.875, 0.125], "rotation": 180, "texture": "#2"},
				"down": {"uv": [0, 0, 1.875, 0.125], "texture": "#2"}
			}
		},
		{
			"name": "bundle",
			"from": [9.16562, -0.125, 12.00104],
			"to": [11.04062, 4.125, 12.12604],
			"rotation": {"angle": 0, "axis": "y", "origin": [7.92708, 3.46771, 8.19896]},
			"faces": {
				"north": {"uv": [0, 0, 4.25, 1.875], "rotation": 270, "texture": "#2"},
				"east": {"uv": [0, 0, 4.25, 0.125], "rotation": 270, "texture": "#2"},
				"south": {"uv": [0, 0, 9, 4.313], "rotation": 270, "texture": "#2"},
				"west": {"uv": [0, 0, 4.25, 0.125], "rotation": 90, "texture": "#2"},
				"up": {"uv": [0, 0, 1.875, 0.125], "rotation": 180, "texture": "#2"},
				"down": {"uv": [0, 0, 1.875, 0.125], "texture": "#2"}
			}
		},
		{
			"name": "bundle",
			"from": [9.16562, 4, 4.12604],
			"to": [11.04062, 4.125, 12.00104],
			"rotation": {"angle": 0, "axis": "y", "origin": [7.92708, 3.46771, 8.19896]},
			"faces": {
				"north": {"uv": [0, 0, 1.875, 0.125], "texture": "#2"},
				"east": {"uv": [0, 0, 7.875, 0.125], "texture": "#2"},
				"south": {"uv": [0, 0, 1.875, 0.125], "texture": "#2"},
				"west": {"uv": [0, 0, 7.875, 0.125], "texture": "#2"},
				"up": {"uv": [0, 0.125, 16, 3.188], "rotation": 270, "texture": "#2"},
				"down": {"uv": [0, 0, 7.875, 1.875], "rotation": 90, "texture": "#2"}
			}
		},
		{
			"name": "bundle",
			"from": [9.16562, -0.125, 4.12604],
			"to": [11.04062, 0, 12.00104],
			"rotation": {"angle": 0, "axis": "y", "origin": [7.92708, 3.46771, 8.19896]},
			"faces": {
				"north": {"uv": [0, 0, 1.875, 0.125], "texture": "#2"},
				"east": {"uv": [0, 0, 7.875, 0.125], "texture": "#2"},
				"south": {"uv": [0, 0, 1.875, 0.125], "texture": "#2"},
				"west": {"uv": [0, 0, 7.875, 0.125], "texture": "#2"},
				"up": {"uv": [0, 0, 7.875, 1.875], "rotation": 270, "texture": "#2"},
				"down": {"uv": [0, 0, 16, 4.563], "rotation": 90, "texture": "#2"}
			}
		},
		{
			"name": "panel",
			"from": [11.91562, 4, 6.25104],
			"to": [14.41562, 4.125, 10.00104],
			"rotation": {"angle": 0, "axis": "y", "origin": [7.92708, 3.46771, 8.19896]},
			"faces": {
				"north": {"uv": [0, 0, 2.5, 0.125], "texture": "#3"},
				"east": {"uv": [0, 0, 3.75, 0.125], "texture": "#3"},
				"south": {"uv": [0, 0, 2.5, 0.125], "texture": "#3"},
				"west": {"uv": [0, 0, 3.75, 0.125], "texture": "#3"},
				"up": {"uv": [5.375, 4.25, 9.125, 6.75], "rotation": 270, "texture": "#3"},
				"down": {"uv": [0, 0, 3.75, 2.5], "rotation": 90, "texture": "#3"}
			}
		},
		{
			"name": "circuit1",
			"from": [12.35312, 4.125, 8.18854],
			"to": [13.79062, 4.5, 9.50104],
			"rotation": {"angle": 0, "axis": "y", "origin": [7.92708, 3.46771, 8.19896]},
			"faces": {
				"north": {"uv": [0, 0, 1.4375, 0.375], "texture": "#6"},
				"east": {"uv": [0, 0, 1.3125, 0.375], "texture": "#6"},
				"south": {"uv": [0, 0, 1.4375, 0.375], "texture": "#6"},
				"west": {"uv": [0, 0, 1.3125, 0.375], "texture": "#6"},
				"up": {"uv": [0, 0, 1.3125, 1.4375], "rotation": 270, "texture": "#6"},
				"down": {"uv": [0, 0, 1.3125, 1.4375], "rotation": 90, "texture": "#6"}
			}
		},
		{
			"name": "circuit2",
			"from": [12.22812, 4.125, 6.87604],
			"to": [13.29062, 4.375, 7.68854],
			"rotation": {"angle": 0, "axis": "y", "origin": [7.92708, 3.46771, 8.19896]},
			"faces": {
				"north": {"uv": [0, 0, 1.0625, 0.25], "texture": "#6"},
				"east": {"uv": [0, 0, 0.8125, 0.25], "texture": "#6"},
				"south": {"uv": [0, 0, 1.0625, 0.25], "texture": "#6"},
				"west": {"uv": [0, 0, 0.8125, 0.25], "texture": "#6"},
				"up": {"uv": [0, 0, 0.8125, 1.0625], "rotation": 270, "texture": "#6"},
				"down": {"uv": [0, 0, 0.8125, 1.0625], "rotation": 90, "texture": "#6"}
			}
		},
		{
			"name": "circuit3",
			"from": [13.54062, 4.125, 6.81354],
			"to": [13.85312, 4.375, 7.06354],
			"rotation": {"angle": 0, "axis": "y", "origin": [7.92708, 3.46771, 8.19896]},
			"faces": {
				"north": {"uv": [0, 0, 0.3125, 0.25], "texture": "#4"},
				"east": {"uv": [0, 0, 0.25, 0.25], "texture": "#4"},
				"south": {"uv": [0, 0, 0.3125, 0.25], "texture": "#4"},
				"west": {"uv": [0, 0, 0.25, 0.25], "texture": "#4"},
				"up": {"uv": [0, 0, 0.25, 0.3125], "rotation": 270, "texture": "#4"},
				"down": {"uv": [0, 0, 0.25, 0.3125], "rotation": 90, "texture": "#4"}
			}
		},
		{
			"name": "circuit4",
			"from": [13.54062, 4.125, 7.25104],
			"to": [13.85312, 4.375, 7.50104],
			"rotation": {"angle": 0, "axis": "y", "origin": [7.92708, 3.46771, 8.19896]},
			"faces": {
				"north": {"uv": [0, 0, 0.3125, 0.25], "texture": "#5"},
				"east": {"uv": [0, 0, 0.25, 0.25], "texture": "#5"},
				"south": {"uv": [0, 0, 0.3125, 0.25], "texture": "#5"},
				"west": {"uv": [0, 0, 0.25, 0.25], "texture": "#5"},
				"up": {"uv": [0, 0, 0.25, 0.3125], "rotation": 270, "texture": "#5"},
				"down": {"uv": [0, 0, 0.25, 0.3125], "rotation": 90, "texture": "#5"}
			}
		},
		{
			"name": "circuit5",
			"from": [13.54062, 4.125, 7.68854],
			"to": [13.85312, 4.375, 7.93854],
			"rotation": {"angle": 0, "axis": "y", "origin": [7.92708, 3.46771, 8.19896]},
			"faces": {
				"north": {"uv": [0, 0, 0.3125, 0.25], "texture": "#7"},
				"east": {"uv": [0, 0, 0.25, 0.25], "texture": "#7"},
				"south": {"uv": [0, 0, 0.3125, 0.25], "texture": "#7"},
				"west": {"uv": [0, 0, 0.25, 0.25], "texture": "#7"},
				"up": {"uv": [0, 0, 0.25, 0.3125], "rotation": 270, "texture": "#7"},
				"down": {"uv": [0, 0, 0.25, 0.3125], "rotation": 90, "texture": "#7"}
			}
		}
	],
	"display": {
		"thirdperson_righthand": {
			"rotation": [79, 6, 1],
			"translation": [0, 2, 2.25],
			"scale": [0.5, 0.5, 0.5]
		},
		"thirdperson_lefthand": {
			"rotation": [78, 0, 0],
			"translation": [0, 2, 2.25],
			"scale": [0.5, 0.5, 0.5]
		},
		"firstperson_righthand": {
			"rotation": [69, 0, 0],
			"scale": [0.5, 0.5, 0.5]
		},
		"firstperson_lefthand": {
			"rotation": [67, -1, 0],
			"scale": [0.5, 0.5, 0.5]
		},
		"gui": {
			"rotation": [89, 91, 0]
		},
		"head": {
			"translation": [0, 15, 0]
		},
		"fixed": {
			"rotation": [-89, -89, 0],
			"translation": [0, 0, -8.25]
		}
	},
	"groups": [
		{
			"name": "main_body",
			"origin": [3.5, 2, 8],
			"children": [0, 1, 2]
		},
		{
			"name": "calculator",
			"origin": [9.5, 4.5, 8.5],
			"children": [3, 4, 5, 6, 7, 8, 9, 10, 11, 12, 13, 14, 15]
		},
		{
			"name": "bundle",
			"origin": [9.5, 4.5, 6.375],
			"children": [16, 17, 18, 19]
		},
		{
			"name": "bundle",
			"origin": [9.5, 4.5, 6.375],
			"children": [20, 21, 22, 23]
		},
		{
			"name": "circuits",
			"origin": [9.5, 4.5, 9.375],
			"children": [24, 25, 26, 27, 28, 29]
		}
	]
}